
*** Running vivado
    with args -log soc_top.vds -m64 -product Vivado -mode batch -messageDb vivado.pb -notrace -source soc_top.tcl



****** Vivado v2025.1 (64-bit)
  **** SW Build 6140274 on Thu May 22 00:12:29 MDT 2025
  **** IP Build 6138677 on Thu May 22 03:10:11 MDT 2025
  **** SharedData Build 6139179 on Tue May 20 17:58:58 MDT 2025
  **** Start of session at: Wed Dec 31 10:47:29 2025
    ** Copyright 1986-2022 Xilinx, Inc. All Rights Reserved.
    ** Copyright 2022-2025 Advanced Micro Devices, Inc. All Rights Reserved.

source soc_top.tcl -notrace
Command: synth_design -top soc_top -part xc7a100tcsg324-1
Starting synth_design
Attempting to get a license for feature 'Synthesis' and/or device 'xc7a100t'
INFO: [Common 17-349] Got license for feature 'Synthesis' and/or device 'xc7a100t'
INFO: [Device 21-403] Loading part xc7a100tcsg324-1
INFO: [Synth 8-7079] Multithreading enabled for synth_design using a maximum of 2 processes.
INFO: [Synth 8-7078] Launching helper process for spawning children vivado processes
INFO: [Synth 8-7075] Helper process launched with PID 49128
---------------------------------------------------------------------------------
Starting RTL Elaboration : Time (s): cpu = 00:00:06 ; elapsed = 00:00:07 . Memory (MB): peak = 1229.059 ; gain = 494.230
---------------------------------------------------------------------------------
INFO: [Synth 8-11241] undeclared symbol 'ld_st_privilege_lvl_o', assumed default net type 'wire' [D:/code_projects/mpd/hw5/submit/src/core_rtl/csr_file.v:1127]
INFO: [Synth 8-11241] undeclared symbol 'csr_flush_o', assumed default net type 'wire' [D:/code_projects/mpd/hw5/submit/src/core_rtl/csr_file.v:1129]
INFO: [Synth 8-11241] undeclared symbol 'stall_fp64_load_use_i', assumed default net type 'wire' [D:/code_projects/mpd/hw5/submit/src/core_rtl/execute.v:261]
INFO: [Synth 8-11241] undeclared symbol 'fpu_stall', assumed default net type 'wire' [D:/code_projects/mpd/hw5/submit/src/core_rtl/execute.v:1159]
INFO: [Synth 8-11241] undeclared symbol 'S_NMEM_data_o', assumed default net type 'wire' [D:/code_projects/mpd/hw5/submit/src/soc_rtl/mem_arbiter.v:392]
INFO: [Synth 8-6157] synthesizing module 'soc_top' [D:/code_projects/mpd/hw5/submit/src/soc_rtl/soc_top.v:66]
INFO: [Synth 8-6157] synthesizing module 'clk_wiz_0' [D:/code_projects/mpd/hw5/submit/aquila_ap/aquila_ap.runs/synth_1/.Xil/Vivado-46180-LAPTOP-8ADVV7HH/realtime/clk_wiz_0_stub.v:6]
INFO: [Synth 8-6155] done synthesizing module 'clk_wiz_0' (0#1) [D:/code_projects/mpd/hw5/submit/aquila_ap/aquila_ap.runs/synth_1/.Xil/Vivado-46180-LAPTOP-8ADVV7HH/realtime/clk_wiz_0_stub.v:6]
INFO: [Synth 8-6157] synthesizing module 'aquila_top' [D:/code_projects/mpd/hw5/submit/src/core_rtl/aquila_top.v:76]
INFO: [Synth 8-6157] synthesizing module 'core_top' [D:/code_projects/mpd/hw5/submit/src/core_rtl/core_top.v:93]
	Parameter HART_ID bound to: 0 - type: integer 
	Parameter XLEN bound to: 32 - type: integer 
INFO: [Synth 8-6157] synthesizing module 'pipeline_control' [D:/code_projects/mpd/hw5/submit/src/core_rtl/pipeline_control.v:69]
INFO: [Synth 8-6155] done synthesizing module 'pipeline_control' (0#1) [D:/code_projects/mpd/hw5/submit/src/core_rtl/pipeline_control.v:69]
INFO: [Synth 8-6157] synthesizing module 'forwarding_unit' [D:/code_projects/mpd/hw5/submit/src/core_rtl/forwarding_unit.v:60]
INFO: [Synth 8-6155] done synthesizing module 'forwarding_unit' (0#1) [D:/code_projects/mpd/hw5/submit/src/core_rtl/forwarding_unit.v:60]
INFO: [Synth 8-6157] synthesizing module 'bpu' [D:/code_projects/mpd/hw5/submit/src/core_rtl/bpu.v:67]
	Parameter XLEN bound to: 32 - type: integer 
INFO: [Synth 8-6157] synthesizing module 'distri_ram' [D:/code_projects/mpd/hw5/submit/src/core_rtl/distri_ram.v:56]
	Parameter ENTRY_NUM bound to: 64 - type: integer 
	Parameter XLEN bound to: 64 - type: integer 
INFO: [Synth 8-6155] done synthesizing module 'distri_ram' (0#1) [D:/code_projects/mpd/hw5/submit/src/core_rtl/distri_ram.v:56]
INFO: [Synth 8-6155] done synthesizing module 'bpu' (0#1) [D:/code_projects/mpd/hw5/submit/src/core_rtl/bpu.v:67]
INFO: [Synth 8-6157] synthesizing module 'reg_file' [D:/code_projects/mpd/hw5/submit/src/core_rtl/reg_file.v:57]
INFO: [Synth 8-6155] done synthesizing module 'reg_file' (0#1) [D:/code_projects/mpd/hw5/submit/src/core_rtl/reg_file.v:57]
INFO: [Synth 8-6157] synthesizing module 'program_counter' [D:/code_projects/mpd/hw5/submit/src/core_rtl/program_counter.v:73]
INFO: [Synth 8-6155] done synthesizing module 'program_counter' (0#1) [D:/code_projects/mpd/hw5/submit/src/core_rtl/program_counter.v:73]
INFO: [Synth 8-6157] synthesizing module 'fetch' [D:/code_projects/mpd/hw5/submit/src/core_rtl/fetch.v:77]
INFO: [Synth 8-6155] done synthesizing module 'fetch' (0#1) [D:/code_projects/mpd/hw5/submit/src/core_rtl/fetch.v:77]
INFO: [Synth 8-6157] synthesizing module 'decode' [D:/code_projects/mpd/hw5/submit/src/core_rtl/decode.v:67]
INFO: [Synth 8-6155] done synthesizing module 'decode' (0#1) [D:/code_projects/mpd/hw5/submit/src/core_rtl/decode.v:67]
INFO: [Synth 8-6157] synthesizing module 'execute' [D:/code_projects/mpd/hw5/submit/src/core_rtl/execute.v:63]
INFO: [Synth 8-6157] synthesizing module 'alu' [D:/code_projects/mpd/hw5/submit/src/core_rtl/alu.v:58]
INFO: [Synth 8-6155] done synthesizing module 'alu' (0#1) [D:/code_projects/mpd/hw5/submit/src/core_rtl/alu.v:58]
INFO: [Synth 8-6157] synthesizing module 'muldiv' [D:/code_projects/mpd/hw5/submit/src/core_rtl/muldiv.v:72]
INFO: [Synth 8-6155] done synthesizing module 'muldiv' (0#1) [D:/code_projects/mpd/hw5/submit/src/core_rtl/muldiv.v:72]
INFO: [Synth 8-6157] synthesizing module 'bcu' [D:/code_projects/mpd/hw5/submit/src/core_rtl/bcu.v:57]
INFO: [Synth 8-6155] done synthesizing module 'bcu' (0#1) [D:/code_projects/mpd/hw5/submit/src/core_rtl/bcu.v:57]
INFO: [Synth 8-6155] done synthesizing module 'execute' (0#1) [D:/code_projects/mpd/hw5/submit/src/core_rtl/execute.v:63]
INFO: [Synth 8-6157] synthesizing module 'memory' [D:/code_projects/mpd/hw5/submit/src/core_rtl/memory.v:66]
INFO: [Synth 8-226] default block is never used [D:/code_projects/mpd/hw5/submit/src/core_rtl/memory.v:186]
INFO: [Synth 8-6155] done synthesizing module 'memory' (0#1) [D:/code_projects/mpd/hw5/submit/src/core_rtl/memory.v:66]
INFO: [Synth 8-6157] synthesizing module 'writeback' [D:/code_projects/mpd/hw5/submit/src/core_rtl/writeback.v:62]
INFO: [Synth 8-6155] done synthesizing module 'writeback' (0#1) [D:/code_projects/mpd/hw5/submit/src/core_rtl/writeback.v:62]
INFO: [Synth 8-6157] synthesizing module 'csr_file' [D:/code_projects/mpd/hw5/submit/src/core_rtl/csr_file.v:63]
	Parameter HART_ID bound to: 0 - type: integer 
INFO: [Synth 8-6155] done synthesizing module 'csr_file' (0#1) [D:/code_projects/mpd/hw5/submit/src/core_rtl/csr_file.v:63]
INFO: [Synth 8-6155] done synthesizing module 'core_top' (0#1) [D:/code_projects/mpd/hw5/submit/src/core_rtl/core_top.v:93]
INFO: [Synth 8-6157] synthesizing module 'sram_dp' [D:/code_projects/mpd/hw5/submit/src/core_rtl/sram_dp.v:56]
	Parameter DATA_WIDTH bound to: 32 - type: integer 
	Parameter N_ENTRIES bound to: 16384 - type: integer 
INFO: [Synth 8-3876] $readmem data file 'uartboot.mem' is read successfully [D:/code_projects/mpd/hw5/submit/src/core_rtl/sram_dp.v:82]
INFO: [Synth 8-6155] done synthesizing module 'sram_dp' (0#1) [D:/code_projects/mpd/hw5/submit/src/core_rtl/sram_dp.v:56]
INFO: [Synth 8-6157] synthesizing module 'clint' [D:/code_projects/mpd/hw5/submit/src/core_rtl/clint.v:66]
INFO: [Synth 8-6155] done synthesizing module 'clint' (0#1) [D:/code_projects/mpd/hw5/submit/src/core_rtl/clint.v:66]
INFO: [Synth 8-6157] synthesizing module 'atomic_unit' [D:/code_projects/mpd/hw5/submit/src/core_rtl/atomic_unit.v:60]
WARNING: [Synth 8-151] case item 2'b10 is unreachable [D:/code_projects/mpd/hw5/submit/src/core_rtl/atomic_unit.v:186]
INFO: [Synth 8-6155] done synthesizing module 'atomic_unit' (0#1) [D:/code_projects/mpd/hw5/submit/src/core_rtl/atomic_unit.v:60]
INFO: [Synth 8-6157] synthesizing module 'icache' [D:/code_projects/mpd/hw5/submit/src/core_rtl/icache.v:67]
	Parameter XLEN bound to: 32 - type: integer 
	Parameter CACHE_SIZE bound to: 4 - type: integer 
	Parameter CLSIZE bound to: 128 - type: integer 
INFO: [Synth 8-6157] synthesizing module 'sram' [D:/code_projects/mpd/hw5/submit/src/core_rtl/sram.v:58]
	Parameter DATA_WIDTH bound to: 128 - type: integer 
	Parameter N_ENTRIES bound to: 64 - type: integer 
INFO: [Synth 8-6155] done synthesizing module 'sram' (0#1) [D:/code_projects/mpd/hw5/submit/src/core_rtl/sram.v:58]
INFO: [Synth 8-6157] synthesizing module 'distri_ram__parameterized0' [D:/code_projects/mpd/hw5/submit/src/core_rtl/distri_ram.v:56]
	Parameter ENTRY_NUM bound to: 64 - type: integer 
	Parameter XLEN bound to: 22 - type: integer 
INFO: [Synth 8-6155] done synthesizing module 'distri_ram__parameterized0' (0#1) [D:/code_projects/mpd/hw5/submit/src/core_rtl/distri_ram.v:56]
INFO: [Synth 8-6157] synthesizing module 'distri_ram__parameterized1' [D:/code_projects/mpd/hw5/submit/src/core_rtl/distri_ram.v:56]
	Parameter ENTRY_NUM bound to: 64 - type: integer 
	Parameter XLEN bound to: 1 - type: integer 
INFO: [Synth 8-6155] done synthesizing module 'distri_ram__parameterized1' (0#1) [D:/code_projects/mpd/hw5/submit/src/core_rtl/distri_ram.v:56]
INFO: [Synth 8-6155] done synthesizing module 'icache' (0#1) [D:/code_projects/mpd/hw5/submit/src/core_rtl/icache.v:67]
INFO: [Synth 8-6157] synthesizing module 'dcache' [D:/code_projects/mpd/hw5/submit/src/core_rtl/dcache.v:67]
	Parameter XLEN bound to: 32 - type: integer 
	Parameter CACHE_SIZE bound to: 4 - type: integer 
	Parameter CLSIZE bound to: 128 - type: integer 
INFO: [Synth 8-6157] synthesizing module 'sram__parameterized0' [D:/code_projects/mpd/hw5/submit/src/core_rtl/sram.v:58]
	Parameter DATA_WIDTH bound to: 22 - type: integer 
	Parameter N_ENTRIES bound to: 64 - type: integer 
INFO: [Synth 8-6155] done synthesizing module 'sram__parameterized0' (0#1) [D:/code_projects/mpd/hw5/submit/src/core_rtl/sram.v:58]
WARNING: [Synth 8-689] width (7) of port connection 'read_addr_i' does not match port width (6) of module 'distri_ram__parameterized1' [D:/code_projects/mpd/hw5/submit/src/core_rtl/dcache.v:767]
WARNING: [Synth 8-689] width (7) of port connection 'write_addr_i' does not match port width (6) of module 'distri_ram__parameterized1' [D:/code_projects/mpd/hw5/submit/src/core_rtl/dcache.v:768]
WARNING: [Synth 8-689] width (7) of port connection 'read_addr_i' does not match port width (6) of module 'distri_ram__parameterized1' [D:/code_projects/mpd/hw5/submit/src/core_rtl/dcache.v:767]
WARNING: [Synth 8-689] width (7) of port connection 'write_addr_i' does not match port width (6) of module 'distri_ram__parameterized1' [D:/code_projects/mpd/hw5/submit/src/core_rtl/dcache.v:768]
WARNING: [Synth 8-689] width (7) of port connection 'read_addr_i' does not match port width (6) of module 'distri_ram__parameterized1' [D:/code_projects/mpd/hw5/submit/src/core_rtl/dcache.v:767]
WARNING: [Synth 8-689] width (7) of port connection 'write_addr_i' does not match port width (6) of module 'distri_ram__parameterized1' [D:/code_projects/mpd/hw5/submit/src/core_rtl/dcache.v:768]
WARNING: [Synth 8-689] width (7) of port connection 'read_addr_i' does not match port width (6) of module 'distri_ram__parameterized1' [D:/code_projects/mpd/hw5/submit/src/core_rtl/dcache.v:767]
WARNING: [Synth 8-689] width (7) of port connection 'write_addr_i' does not match port width (6) of module 'distri_ram__parameterized1' [D:/code_projects/mpd/hw5/submit/src/core_rtl/dcache.v:768]
INFO: [Synth 8-6155] done synthesizing module 'dcache' (0#1) [D:/code_projects/mpd/hw5/submit/src/core_rtl/dcache.v:67]
INFO: [Synth 8-6155] done synthesizing module 'aquila_top' (0#1) [D:/code_projects/mpd/hw5/submit/src/core_rtl/aquila_top.v:76]
WARNING: [Synth 8-7071] port 'ext_irq_i' of module 'aquila_top' is unconnected for instance 'Aquila_SoC' [D:/code_projects/mpd/hw5/submit/src/soc_rtl/soc_top.v:314]
WARNING: [Synth 8-7023] instance 'Aquila_SoC' of module 'aquila_top' has 21 connections declared, but only 20 given [D:/code_projects/mpd/hw5/submit/src/soc_rtl/soc_top.v:314]
INFO: [Synth 8-6157] synthesizing module 'uart' [D:/code_projects/mpd/hw5/submit/src/soc_rtl/uart.v:82]
	Parameter BAUD bound to: 16'b0000000110110010 
WARNING: [Synth 8-11581] system task call 'write' not supported [D:/code_projects/mpd/hw5/submit/src/soc_rtl/uart.v:155]
WARNING: [Synth 8-11581] system task call 'stop' not supported [D:/code_projects/mpd/hw5/submit/src/soc_rtl/uart.v:161]
INFO: [Synth 8-6155] done synthesizing module 'uart' (0#1) [D:/code_projects/mpd/hw5/submit/src/soc_rtl/uart.v:82]
INFO: [Synth 8-6157] synthesizing module 'dsa_feeder_1fma_bram' [D:/code_projects/mpd/hw5/submit/src/dsa_feeder_1fma_bram.v:26]
	Parameter XLEN bound to: 32 - type: integer 
WARNING: [Synth 8-7186] Applying attribute ram_style = "block" is ignored, object 'buf_b[0]' is not inferred as ram due to incorrect usage [D:/code_projects/mpd/hw5/submit/src/dsa_feeder_1fma_bram.v:100]
WARNING: [Synth 8-7186] Applying attribute ram_style = "block" is ignored, object 'buf_b[1]' is not inferred as ram due to incorrect usage [D:/code_projects/mpd/hw5/submit/src/dsa_feeder_1fma_bram.v:100]
WARNING: [Synth 8-7186] Applying attribute ram_style = "block" is ignored, object 'buf_b[2]' is not inferred as ram due to incorrect usage [D:/code_projects/mpd/hw5/submit/src/dsa_feeder_1fma_bram.v:100]
WARNING: [Synth 8-7186] Applying attribute ram_style = "block" is ignored, object 'buf_b[3]' is not inferred as ram due to incorrect usage [D:/code_projects/mpd/hw5/submit/src/dsa_feeder_1fma_bram.v:100]
WARNING: [Synth 8-7186] Applying attribute ram_style = "block" is ignored, object 'buf_b[4]' is not inferred as ram due to incorrect usage [D:/code_projects/mpd/hw5/submit/src/dsa_feeder_1fma_bram.v:100]
WARNING: [Synth 8-7186] Applying attribute ram_style = "block" is ignored, object 'buf_b[5]' is not inferred as ram due to incorrect usage [D:/code_projects/mpd/hw5/submit/src/dsa_feeder_1fma_bram.v:100]
WARNING: [Synth 8-7186] Applying attribute ram_style = "block" is ignored, object 'buf_b[6]' is not inferred as ram due to incorrect usage [D:/code_projects/mpd/hw5/submit/src/dsa_feeder_1fma_bram.v:100]
WARNING: [Synth 8-7186] Applying attribute ram_style = "block" is ignored, object 'buf_b[7]' is not inferred as ram due to incorrect usage [D:/code_projects/mpd/hw5/submit/src/dsa_feeder_1fma_bram.v:100]
WARNING: [Synth 8-7186] Applying attribute ram_style = "block" is ignored, object 'buf_b[8]' is not inferred as ram due to incorrect usage [D:/code_projects/mpd/hw5/submit/src/dsa_feeder_1fma_bram.v:100]
WARNING: [Synth 8-7186] Applying attribute ram_style = "block" is ignored, object 'buf_b[9]' is not inferred as ram due to incorrect usage [D:/code_projects/mpd/hw5/submit/src/dsa_feeder_1fma_bram.v:100]
WARNING: [Synth 8-7186] Applying attribute ram_style = "block" is ignored, object 'buf_b[10]' is not inferred as ram due to incorrect usage [D:/code_projects/mpd/hw5/submit/src/dsa_feeder_1fma_bram.v:100]
WARNING: [Synth 8-7186] Applying attribute ram_style = "block" is ignored, object 'buf_b[11]' is not inferred as ram due to incorrect usage [D:/code_projects/mpd/hw5/submit/src/dsa_feeder_1fma_bram.v:100]
WARNING: [Synth 8-7186] Applying attribute ram_style = "block" is ignored, object 'buf_b[12]' is not inferred as ram due to incorrect usage [D:/code_projects/mpd/hw5/submit/src/dsa_feeder_1fma_bram.v:100]
WARNING: [Synth 8-7186] Applying attribute ram_style = "block" is ignored, object 'buf_b[13]' is not inferred as ram due to incorrect usage [D:/code_projects/mpd/hw5/submit/src/dsa_feeder_1fma_bram.v:100]
WARNING: [Synth 8-7186] Applying attribute ram_style = "block" is ignored, object 'buf_b[14]' is not inferred as ram due to incorrect usage [D:/code_projects/mpd/hw5/submit/src/dsa_feeder_1fma_bram.v:100]
WARNING: [Synth 8-7186] Applying attribute ram_style = "block" is ignored, object 'buf_b[15]' is not inferred as ram due to incorrect usage [D:/code_projects/mpd/hw5/submit/src/dsa_feeder_1fma_bram.v:100]
WARNING: [Synth 8-7186] Applying attribute ram_style = "block" is ignored, object 'buf_b[16]' is not inferred as ram due to incorrect usage [D:/code_projects/mpd/hw5/submit/src/dsa_feeder_1fma_bram.v:100]
WARNING: [Synth 8-7186] Applying attribute ram_style = "block" is ignored, object 'buf_b[17]' is not inferred as ram due to incorrect usage [D:/code_projects/mpd/hw5/submit/src/dsa_feeder_1fma_bram.v:100]
WARNING: [Synth 8-7186] Applying attribute ram_style = "block" is ignored, object 'buf_b[18]' is not inferred as ram due to incorrect usage [D:/code_projects/mpd/hw5/submit/src/dsa_feeder_1fma_bram.v:100]
WARNING: [Synth 8-7186] Applying attribute ram_style = "block" is ignored, object 'buf_b[19]' is not inferred as ram due to incorrect usage [D:/code_projects/mpd/hw5/submit/src/dsa_feeder_1fma_bram.v:100]
WARNING: [Synth 8-7186] Applying attribute ram_style = "block" is ignored, object 'buf_b[20]' is not inferred as ram due to incorrect usage [D:/code_projects/mpd/hw5/submit/src/dsa_feeder_1fma_bram.v:100]
WARNING: [Synth 8-7186] Applying attribute ram_style = "block" is ignored, object 'buf_b[21]' is not inferred as ram due to incorrect usage [D:/code_projects/mpd/hw5/submit/src/dsa_feeder_1fma_bram.v:100]
WARNING: [Synth 8-7186] Applying attribute ram_style = "block" is ignored, object 'buf_b[22]' is not inferred as ram due to incorrect usage [D:/code_projects/mpd/hw5/submit/src/dsa_feeder_1fma_bram.v:100]
WARNING: [Synth 8-7186] Applying attribute ram_style = "block" is ignored, object 'buf_b[23]' is not inferred as ram due to incorrect usage [D:/code_projects/mpd/hw5/submit/src/dsa_feeder_1fma_bram.v:100]
WARNING: [Synth 8-7186] Applying attribute ram_style = "block" is ignored, object 'buf_b[24]' is not inferred as ram due to incorrect usage [D:/code_projects/mpd/hw5/submit/src/dsa_feeder_1fma_bram.v:100]
WARNING: [Synth 8-7186] Applying attribute ram_style = "block" is ignored, object 'buf_b[25]' is not inferred as ram due to incorrect usage [D:/code_projects/mpd/hw5/submit/src/dsa_feeder_1fma_bram.v:100]
WARNING: [Synth 8-7186] Applying attribute ram_style = "block" is ignored, object 'buf_b[26]' is not inferred as ram due to incorrect usage [D:/code_projects/mpd/hw5/submit/src/dsa_feeder_1fma_bram.v:100]
WARNING: [Synth 8-7186] Applying attribute ram_style = "block" is ignored, object 'buf_b[27]' is not inferred as ram due to incorrect usage [D:/code_projects/mpd/hw5/submit/src/dsa_feeder_1fma_bram.v:100]
WARNING: [Synth 8-7186] Applying attribute ram_style = "block" is ignored, object 'buf_b[28]' is not inferred as ram due to incorrect usage [D:/code_projects/mpd/hw5/submit/src/dsa_feeder_1fma_bram.v:100]
WARNING: [Synth 8-7186] Applying attribute ram_style = "block" is ignored, object 'buf_b[29]' is not inferred as ram due to incorrect usage [D:/code_projects/mpd/hw5/submit/src/dsa_feeder_1fma_bram.v:100]
WARNING: [Synth 8-7186] Applying attribute ram_style = "block" is ignored, object 'buf_b[30]' is not inferred as ram due to incorrect usage [D:/code_projects/mpd/hw5/submit/src/dsa_feeder_1fma_bram.v:100]
WARNING: [Synth 8-7186] Applying attribute ram_style = "block" is ignored, object 'buf_b[31]' is not inferred as ram due to incorrect usage [D:/code_projects/mpd/hw5/submit/src/dsa_feeder_1fma_bram.v:100]
WARNING: [Synth 8-7186] Applying attribute ram_style = "block" is ignored, object 'buf_b[32]' is not inferred as ram due to incorrect usage [D:/code_projects/mpd/hw5/submit/src/dsa_feeder_1fma_bram.v:100]
WARNING: [Synth 8-7186] Applying attribute ram_style = "block" is ignored, object 'buf_b[33]' is not inferred as ram due to incorrect usage [D:/code_projects/mpd/hw5/submit/src/dsa_feeder_1fma_bram.v:100]
WARNING: [Synth 8-7186] Applying attribute ram_style = "block" is ignored, object 'buf_b[34]' is not inferred as ram due to incorrect usage [D:/code_projects/mpd/hw5/submit/src/dsa_feeder_1fma_bram.v:100]
WARNING: [Synth 8-7186] Applying attribute ram_style = "block" is ignored, object 'buf_b[35]' is not inferred as ram due to incorrect usage [D:/code_projects/mpd/hw5/submit/src/dsa_feeder_1fma_bram.v:100]
WARNING: [Synth 8-7186] Applying attribute ram_style = "block" is ignored, object 'buf_b[36]' is not inferred as ram due to incorrect usage [D:/code_projects/mpd/hw5/submit/src/dsa_feeder_1fma_bram.v:100]
WARNING: [Synth 8-7186] Applying attribute ram_style = "block" is ignored, object 'buf_b[37]' is not inferred as ram due to incorrect usage [D:/code_projects/mpd/hw5/submit/src/dsa_feeder_1fma_bram.v:100]
WARNING: [Synth 8-7186] Applying attribute ram_style = "block" is ignored, object 'buf_b[38]' is not inferred as ram due to incorrect usage [D:/code_projects/mpd/hw5/submit/src/dsa_feeder_1fma_bram.v:100]
WARNING: [Synth 8-7186] Applying attribute ram_style = "block" is ignored, object 'buf_b[39]' is not inferred as ram due to incorrect usage [D:/code_projects/mpd/hw5/submit/src/dsa_feeder_1fma_bram.v:100]
WARNING: [Synth 8-7186] Applying attribute ram_style = "block" is ignored, object 'buf_b[40]' is not inferred as ram due to incorrect usage [D:/code_projects/mpd/hw5/submit/src/dsa_feeder_1fma_bram.v:100]
WARNING: [Synth 8-7186] Applying attribute ram_style = "block" is ignored, object 'buf_b[41]' is not inferred as ram due to incorrect usage [D:/code_projects/mpd/hw5/submit/src/dsa_feeder_1fma_bram.v:100]
WARNING: [Synth 8-7186] Applying attribute ram_style = "block" is ignored, object 'buf_b[42]' is not inferred as ram due to incorrect usage [D:/code_projects/mpd/hw5/submit/src/dsa_feeder_1fma_bram.v:100]
WARNING: [Synth 8-7186] Applying attribute ram_style = "block" is ignored, object 'buf_b[43]' is not inferred as ram due to incorrect usage [D:/code_projects/mpd/hw5/submit/src/dsa_feeder_1fma_bram.v:100]
WARNING: [Synth 8-7186] Applying attribute ram_style = "block" is ignored, object 'buf_b[44]' is not inferred as ram due to incorrect usage [D:/code_projects/mpd/hw5/submit/src/dsa_feeder_1fma_bram.v:100]
WARNING: [Synth 8-7186] Applying attribute ram_style = "block" is ignored, object 'buf_b[45]' is not inferred as ram due to incorrect usage [D:/code_projects/mpd/hw5/submit/src/dsa_feeder_1fma_bram.v:100]
WARNING: [Synth 8-7186] Applying attribute ram_style = "block" is ignored, object 'buf_b[46]' is not inferred as ram due to incorrect usage [D:/code_projects/mpd/hw5/submit/src/dsa_feeder_1fma_bram.v:100]
WARNING: [Synth 8-7186] Applying attribute ram_style = "block" is ignored, object 'buf_b[47]' is not inferred as ram due to incorrect usage [D:/code_projects/mpd/hw5/submit/src/dsa_feeder_1fma_bram.v:100]
WARNING: [Synth 8-7186] Applying attribute ram_style = "block" is ignored, object 'buf_b[48]' is not inferred as ram due to incorrect usage [D:/code_projects/mpd/hw5/submit/src/dsa_feeder_1fma_bram.v:100]
WARNING: [Synth 8-7186] Applying attribute ram_style = "block" is ignored, object 'buf_b[49]' is not inferred as ram due to incorrect usage [D:/code_projects/mpd/hw5/submit/src/dsa_feeder_1fma_bram.v:100]
WARNING: [Synth 8-7186] Applying attribute ram_style = "block" is ignored, object 'buf_b[50]' is not inferred as ram due to incorrect usage [D:/code_projects/mpd/hw5/submit/src/dsa_feeder_1fma_bram.v:100]
WARNING: [Synth 8-7186] Applying attribute ram_style = "block" is ignored, object 'buf_b[51]' is not inferred as ram due to incorrect usage [D:/code_projects/mpd/hw5/submit/src/dsa_feeder_1fma_bram.v:100]
WARNING: [Synth 8-7186] Applying attribute ram_style = "block" is ignored, object 'buf_b[52]' is not inferred as ram due to incorrect usage [D:/code_projects/mpd/hw5/submit/src/dsa_feeder_1fma_bram.v:100]
WARNING: [Synth 8-7186] Applying attribute ram_style = "block" is ignored, object 'buf_b[53]' is not inferred as ram due to incorrect usage [D:/code_projects/mpd/hw5/submit/src/dsa_feeder_1fma_bram.v:100]
WARNING: [Synth 8-7186] Applying attribute ram_style = "block" is ignored, object 'buf_b[54]' is not inferred as ram due to incorrect usage [D:/code_projects/mpd/hw5/submit/src/dsa_feeder_1fma_bram.v:100]
WARNING: [Synth 8-7186] Applying attribute ram_style = "block" is ignored, object 'buf_b[55]' is not inferred as ram due to incorrect usage [D:/code_projects/mpd/hw5/submit/src/dsa_feeder_1fma_bram.v:100]
WARNING: [Synth 8-7186] Applying attribute ram_style = "block" is ignored, object 'buf_b[56]' is not inferred as ram due to incorrect usage [D:/code_projects/mpd/hw5/submit/src/dsa_feeder_1fma_bram.v:100]
WARNING: [Synth 8-7186] Applying attribute ram_style = "block" is ignored, object 'buf_b[57]' is not inferred as ram due to incorrect usage [D:/code_projects/mpd/hw5/submit/src/dsa_feeder_1fma_bram.v:100]
WARNING: [Synth 8-7186] Applying attribute ram_style = "block" is ignored, object 'buf_b[58]' is not inferred as ram due to incorrect usage [D:/code_projects/mpd/hw5/submit/src/dsa_feeder_1fma_bram.v:100]
WARNING: [Synth 8-7186] Applying attribute ram_style = "block" is ignored, object 'buf_b[59]' is not inferred as ram due to incorrect usage [D:/code_projects/mpd/hw5/submit/src/dsa_feeder_1fma_bram.v:100]
WARNING: [Synth 8-7186] Applying attribute ram_style = "block" is ignored, object 'buf_b[60]' is not inferred as ram due to incorrect usage [D:/code_projects/mpd/hw5/submit/src/dsa_feeder_1fma_bram.v:100]
WARNING: [Synth 8-7186] Applying attribute ram_style = "block" is ignored, object 'buf_b[61]' is not inferred as ram due to incorrect usage [D:/code_projects/mpd/hw5/submit/src/dsa_feeder_1fma_bram.v:100]
WARNING: [Synth 8-7186] Applying attribute ram_style = "block" is ignored, object 'buf_b[62]' is not inferred as ram due to incorrect usage [D:/code_projects/mpd/hw5/submit/src/dsa_feeder_1fma_bram.v:100]
WARNING: [Synth 8-7186] Applying attribute ram_style = "block" is ignored, object 'buf_b[63]' is not inferred as ram due to incorrect usage [D:/code_projects/mpd/hw5/submit/src/dsa_feeder_1fma_bram.v:100]
WARNING: [Synth 8-7186] Applying attribute ram_style = "block" is ignored, object 'buf_b[64]' is not inferred as ram due to incorrect usage [D:/code_projects/mpd/hw5/submit/src/dsa_feeder_1fma_bram.v:100]
WARNING: [Synth 8-7186] Applying attribute ram_style = "block" is ignored, object 'buf_b[65]' is not inferred as ram due to incorrect usage [D:/code_projects/mpd/hw5/submit/src/dsa_feeder_1fma_bram.v:100]
WARNING: [Synth 8-7186] Applying attribute ram_style = "block" is ignored, object 'buf_b[66]' is not inferred as ram due to incorrect usage [D:/code_projects/mpd/hw5/submit/src/dsa_feeder_1fma_bram.v:100]
WARNING: [Synth 8-7186] Applying attribute ram_style = "block" is ignored, object 'buf_b[67]' is not inferred as ram due to incorrect usage [D:/code_projects/mpd/hw5/submit/src/dsa_feeder_1fma_bram.v:100]
WARNING: [Synth 8-7186] Applying attribute ram_style = "block" is ignored, object 'buf_b[68]' is not inferred as ram due to incorrect usage [D:/code_projects/mpd/hw5/submit/src/dsa_feeder_1fma_bram.v:100]
WARNING: [Synth 8-7186] Applying attribute ram_style = "block" is ignored, object 'buf_b[69]' is not inferred as ram due to incorrect usage [D:/code_projects/mpd/hw5/submit/src/dsa_feeder_1fma_bram.v:100]
WARNING: [Synth 8-7186] Applying attribute ram_style = "block" is ignored, object 'buf_b[70]' is not inferred as ram due to incorrect usage [D:/code_projects/mpd/hw5/submit/src/dsa_feeder_1fma_bram.v:100]
WARNING: [Synth 8-7186] Applying attribute ram_style = "block" is ignored, object 'buf_b[71]' is not inferred as ram due to incorrect usage [D:/code_projects/mpd/hw5/submit/src/dsa_feeder_1fma_bram.v:100]
WARNING: [Synth 8-7186] Applying attribute ram_style = "block" is ignored, object 'buf_b[72]' is not inferred as ram due to incorrect usage [D:/code_projects/mpd/hw5/submit/src/dsa_feeder_1fma_bram.v:100]
WARNING: [Synth 8-7186] Applying attribute ram_style = "block" is ignored, object 'buf_b[73]' is not inferred as ram due to incorrect usage [D:/code_projects/mpd/hw5/submit/src/dsa_feeder_1fma_bram.v:100]
WARNING: [Synth 8-7186] Applying attribute ram_style = "block" is ignored, object 'buf_b[74]' is not inferred as ram due to incorrect usage [D:/code_projects/mpd/hw5/submit/src/dsa_feeder_1fma_bram.v:100]
WARNING: [Synth 8-7186] Applying attribute ram_style = "block" is ignored, object 'buf_b[75]' is not inferred as ram due to incorrect usage [D:/code_projects/mpd/hw5/submit/src/dsa_feeder_1fma_bram.v:100]
WARNING: [Synth 8-7186] Applying attribute ram_style = "block" is ignored, object 'buf_b[76]' is not inferred as ram due to incorrect usage [D:/code_projects/mpd/hw5/submit/src/dsa_feeder_1fma_bram.v:100]
WARNING: [Synth 8-7186] Applying attribute ram_style = "block" is ignored, object 'buf_b[77]' is not inferred as ram due to incorrect usage [D:/code_projects/mpd/hw5/submit/src/dsa_feeder_1fma_bram.v:100]
WARNING: [Synth 8-7186] Applying attribute ram_style = "block" is ignored, object 'buf_b[78]' is not inferred as ram due to incorrect usage [D:/code_projects/mpd/hw5/submit/src/dsa_feeder_1fma_bram.v:100]
WARNING: [Synth 8-7186] Applying attribute ram_style = "block" is ignored, object 'buf_b[79]' is not inferred as ram due to incorrect usage [D:/code_projects/mpd/hw5/submit/src/dsa_feeder_1fma_bram.v:100]
WARNING: [Synth 8-7186] Applying attribute ram_style = "block" is ignored, object 'buf_b[80]' is not inferred as ram due to incorrect usage [D:/code_projects/mpd/hw5/submit/src/dsa_feeder_1fma_bram.v:100]
WARNING: [Synth 8-7186] Applying attribute ram_style = "block" is ignored, object 'buf_b[81]' is not inferred as ram due to incorrect usage [D:/code_projects/mpd/hw5/submit/src/dsa_feeder_1fma_bram.v:100]
WARNING: [Synth 8-7186] Applying attribute ram_style = "block" is ignored, object 'buf_b[82]' is not inferred as ram due to incorrect usage [D:/code_projects/mpd/hw5/submit/src/dsa_feeder_1fma_bram.v:100]
WARNING: [Synth 8-7186] Applying attribute ram_style = "block" is ignored, object 'buf_b[83]' is not inferred as ram due to incorrect usage [D:/code_projects/mpd/hw5/submit/src/dsa_feeder_1fma_bram.v:100]
WARNING: [Synth 8-7186] Applying attribute ram_style = "block" is ignored, object 'buf_b[84]' is not inferred as ram due to incorrect usage [D:/code_projects/mpd/hw5/submit/src/dsa_feeder_1fma_bram.v:100]
WARNING: [Synth 8-7186] Applying attribute ram_style = "block" is ignored, object 'buf_b[85]' is not inferred as ram due to incorrect usage [D:/code_projects/mpd/hw5/submit/src/dsa_feeder_1fma_bram.v:100]
WARNING: [Synth 8-7186] Applying attribute ram_style = "block" is ignored, object 'buf_b[86]' is not inferred as ram due to incorrect usage [D:/code_projects/mpd/hw5/submit/src/dsa_feeder_1fma_bram.v:100]
WARNING: [Synth 8-7186] Applying attribute ram_style = "block" is ignored, object 'buf_b[87]' is not inferred as ram due to incorrect usage [D:/code_projects/mpd/hw5/submit/src/dsa_feeder_1fma_bram.v:100]
WARNING: [Synth 8-7186] Applying attribute ram_style = "block" is ignored, object 'buf_b[88]' is not inferred as ram due to incorrect usage [D:/code_projects/mpd/hw5/submit/src/dsa_feeder_1fma_bram.v:100]
WARNING: [Synth 8-7186] Applying attribute ram_style = "block" is ignored, object 'buf_b[89]' is not inferred as ram due to incorrect usage [D:/code_projects/mpd/hw5/submit/src/dsa_feeder_1fma_bram.v:100]
WARNING: [Synth 8-7186] Applying attribute ram_style = "block" is ignored, object 'buf_b[90]' is not inferred as ram due to incorrect usage [D:/code_projects/mpd/hw5/submit/src/dsa_feeder_1fma_bram.v:100]
WARNING: [Synth 8-7186] Applying attribute ram_style = "block" is ignored, object 'buf_b[91]' is not inferred as ram due to incorrect usage [D:/code_projects/mpd/hw5/submit/src/dsa_feeder_1fma_bram.v:100]
WARNING: [Synth 8-7186] Applying attribute ram_style = "block" is ignored, object 'buf_b[92]' is not inferred as ram due to incorrect usage [D:/code_projects/mpd/hw5/submit/src/dsa_feeder_1fma_bram.v:100]
WARNING: [Synth 8-7186] Applying attribute ram_style = "block" is ignored, object 'buf_b[93]' is not inferred as ram due to incorrect usage [D:/code_projects/mpd/hw5/submit/src/dsa_feeder_1fma_bram.v:100]
WARNING: [Synth 8-7186] Applying attribute ram_style = "block" is ignored, object 'buf_b[94]' is not inferred as ram due to incorrect usage [D:/code_projects/mpd/hw5/submit/src/dsa_feeder_1fma_bram.v:100]
WARNING: [Synth 8-7186] Applying attribute ram_style = "block" is ignored, object 'buf_b[95]' is not inferred as ram due to incorrect usage [D:/code_projects/mpd/hw5/submit/src/dsa_feeder_1fma_bram.v:100]
WARNING: [Synth 8-7186] Applying attribute ram_style = "block" is ignored, object 'buf_b[96]' is not inferred as ram due to incorrect usage [D:/code_projects/mpd/hw5/submit/src/dsa_feeder_1fma_bram.v:100]
WARNING: [Synth 8-7186] Applying attribute ram_style = "block" is ignored, object 'buf_b[97]' is not inferred as ram due to incorrect usage [D:/code_projects/mpd/hw5/submit/src/dsa_feeder_1fma_bram.v:100]
WARNING: [Synth 8-7186] Applying attribute ram_style = "block" is ignored, object 'buf_b[98]' is not inferred as ram due to incorrect usage [D:/code_projects/mpd/hw5/submit/src/dsa_feeder_1fma_bram.v:100]
WARNING: [Synth 8-7186] Applying attribute ram_style = "block" is ignored, object 'buf_b[99]' is not inferred as ram due to incorrect usage [D:/code_projects/mpd/hw5/submit/src/dsa_feeder_1fma_bram.v:100]
INFO: [Common 17-14] Message 'Synth 8-7186' appears 100 times and further instances of the messages will be disabled. Use the Tcl command set_msg_config to change the current settings.
INFO: [Synth 8-6155] done synthesizing module 'dsa_feeder_1fma_bram' (0#1) [D:/code_projects/mpd/hw5/submit/src/dsa_feeder_1fma_bram.v:26]
INFO: [Synth 8-6157] synthesizing module 'floating_point_0' [D:/code_projects/mpd/hw5/submit/aquila_ap/aquila_ap.runs/synth_1/.Xil/Vivado-46180-LAPTOP-8ADVV7HH/realtime/floating_point_0_stub.v:6]
INFO: [Synth 8-6155] done synthesizing module 'floating_point_0' (0#1) [D:/code_projects/mpd/hw5/submit/aquila_ap/aquila_ap.runs/synth_1/.Xil/Vivado-46180-LAPTOP-8ADVV7HH/realtime/floating_point_0_stub.v:6]
INFO: [Synth 8-6157] synthesizing module 'core2axi_if' [D:/code_projects/mpd/hw5/submit/src/soc_rtl/core2axi_if.v:59]
	Parameter XLEN bound to: 32 - type: integer 
	Parameter AXI_ADDR_LEN bound to: 7 - type: integer 
WARNING: [Synth 8-693] zero replication count - replication ignored [D:/code_projects/mpd/hw5/submit/src/soc_rtl/core2axi_if.v:222]
INFO: [Synth 8-6155] done synthesizing module 'core2axi_if' (0#1) [D:/code_projects/mpd/hw5/submit/src/soc_rtl/core2axi_if.v:59]
INFO: [Synth 8-6157] synthesizing module 'axi_quad_spi_0' [D:/code_projects/mpd/hw5/submit/aquila_ap/aquila_ap.runs/synth_1/.Xil/Vivado-46180-LAPTOP-8ADVV7HH/realtime/axi_quad_spi_0_stub.v:6]
INFO: [Synth 8-6155] done synthesizing module 'axi_quad_spi_0' (0#1) [D:/code_projects/mpd/hw5/submit/aquila_ap/aquila_ap.runs/synth_1/.Xil/Vivado-46180-LAPTOP-8ADVV7HH/realtime/axi_quad_spi_0_stub.v:6]
INFO: [Synth 8-6157] synthesizing module 'cdc_sync' [D:/code_projects/mpd/hw5/submit/src/soc_rtl/cdc_sync.v:66]
INFO: [Synth 8-6157] synthesizing module 'async_fifo_signal' [D:/code_projects/mpd/hw5/submit/aquila_ap/aquila_ap.runs/synth_1/.Xil/Vivado-46180-LAPTOP-8ADVV7HH/realtime/async_fifo_signal_stub.v:6]
INFO: [Synth 8-6155] done synthesizing module 'async_fifo_signal' (0#1) [D:/code_projects/mpd/hw5/submit/aquila_ap/aquila_ap.runs/synth_1/.Xil/Vivado-46180-LAPTOP-8ADVV7HH/realtime/async_fifo_signal_stub.v:6]
INFO: [Synth 8-6157] synthesizing module 'async_fifo_addr' [D:/code_projects/mpd/hw5/submit/aquila_ap/aquila_ap.runs/synth_1/.Xil/Vivado-46180-LAPTOP-8ADVV7HH/realtime/async_fifo_addr_stub.v:6]
INFO: [Synth 8-6155] done synthesizing module 'async_fifo_addr' (0#1) [D:/code_projects/mpd/hw5/submit/aquila_ap/aquila_ap.runs/synth_1/.Xil/Vivado-46180-LAPTOP-8ADVV7HH/realtime/async_fifo_addr_stub.v:6]
INFO: [Synth 8-6157] synthesizing module 'async_fifo_data' [D:/code_projects/mpd/hw5/submit/aquila_ap/aquila_ap.runs/synth_1/.Xil/Vivado-46180-LAPTOP-8ADVV7HH/realtime/async_fifo_data_stub.v:6]
INFO: [Synth 8-6155] done synthesizing module 'async_fifo_data' (0#1) [D:/code_projects/mpd/hw5/submit/aquila_ap/aquila_ap.runs/synth_1/.Xil/Vivado-46180-LAPTOP-8ADVV7HH/realtime/async_fifo_data_stub.v:6]
INFO: [Synth 8-6155] done synthesizing module 'cdc_sync' (0#1) [D:/code_projects/mpd/hw5/submit/src/soc_rtl/cdc_sync.v:66]
INFO: [Synth 8-6157] synthesizing module 'mem_arbiter' [D:/code_projects/mpd/hw5/submit/src/soc_rtl/mem_arbiter.v:74]
INFO: [Synth 8-6155] done synthesizing module 'mem_arbiter' (0#1) [D:/code_projects/mpd/hw5/submit/src/soc_rtl/mem_arbiter.v:74]
INFO: [Synth 8-6157] synthesizing module 'mig_7series_0' [D:/code_projects/mpd/hw5/submit/aquila_ap/aquila_ap.runs/synth_1/.Xil/Vivado-46180-LAPTOP-8ADVV7HH/realtime/mig_7series_0_stub.v:6]
INFO: [Synth 8-6155] done synthesizing module 'mig_7series_0' (0#1) [D:/code_projects/mpd/hw5/submit/aquila_ap/aquila_ap.runs/synth_1/.Xil/Vivado-46180-LAPTOP-8ADVV7HH/realtime/mig_7series_0_stub.v:6]
WARNING: [Synth 8-7071] port 'device_temp' of module 'mig_7series_0' is unconnected for instance 'MIG' [D:/code_projects/mpd/hw5/submit/src/soc_rtl/soc_top.v:727]
WARNING: [Synth 8-7023] instance 'MIG' of module 'mig_7series_0' has 40 connections declared, but only 39 given [D:/code_projects/mpd/hw5/submit/src/soc_rtl/soc_top.v:727]
INFO: [Synth 8-6155] done synthesizing module 'soc_top' (0#1) [D:/code_projects/mpd/hw5/submit/src/soc_rtl/soc_top.v:66]
WARNING: [Synth 8-6014] Unused sequential element pc_r_reg was removed.  [D:/code_projects/mpd/hw5/submit/src/core_rtl/execute.v:367]
WARNING: [Synth 8-6014] Unused sequential element fp64_ls_r_reg was removed.  [D:/code_projects/mpd/hw5/submit/src/core_rtl/execute.v:368]
WARNING: [Synth 8-3848] Net stall_fp64_load_use_i in module/entity execute does not have driver. [D:/code_projects/mpd/hw5/submit/src/core_rtl/execute.v:261]
WARNING: [Synth 8-6014] Unused sequential element cycle_r_reg was removed.  [D:/code_projects/mpd/hw5/submit/src/core_rtl/csr_file.v:856]
WARNING: [Synth 8-6014] Unused sequential element sim_done_reg was removed.  [D:/code_projects/mpd/hw5/submit/src/soc_rtl/uart.v:150]
WARNING: [Synth 8-6014] Unused sequential element uart_stateff_reg was removed.  [D:/code_projects/mpd/hw5/submit/src/soc_rtl/uart.v:180]
WARNING: [Synth 8-3848] Net usr_led in module/entity soc_top does not have driver. [D:/code_projects/mpd/hw5/submit/src/soc_rtl/soc_top.v:113]
WARNING: [Synth 8-3848] Net dsa_a_tready in module/entity soc_top does not have driver. [D:/code_projects/mpd/hw5/submit/src/soc_rtl/soc_top.v:253]
WARNING: [Synth 8-3848] Net dsa_b_tready in module/entity soc_top does not have driver. [D:/code_projects/mpd/hw5/submit/src/soc_rtl/soc_top.v:256]
WARNING: [Synth 8-3848] Net dsa_c_tready in module/entity soc_top does not have driver. [D:/code_projects/mpd/hw5/submit/src/soc_rtl/soc_top.v:259]
WARNING: [Synth 8-7129] Port S_DEVICE_addr_i[31] in module core2axi_if is either unconnected or has no load
WARNING: [Synth 8-7129] Port S_DEVICE_addr_i[30] in module core2axi_if is either unconnected or has no load
WARNING: [Synth 8-7129] Port S_DEVICE_addr_i[29] in module core2axi_if is either unconnected or has no load
WARNING: [Synth 8-7129] Port S_DEVICE_addr_i[28] in module core2axi_if is either unconnected or has no load
WARNING: [Synth 8-7129] Port S_DEVICE_addr_i[27] in module core2axi_if is either unconnected or has no load
WARNING: [Synth 8-7129] Port S_DEVICE_addr_i[26] in module core2axi_if is either unconnected or has no load
WARNING: [Synth 8-7129] Port S_DEVICE_addr_i[25] in module core2axi_if is either unconnected or has no load
WARNING: [Synth 8-7129] Port S_DEVICE_addr_i[24] in module core2axi_if is either unconnected or has no load
WARNING: [Synth 8-7129] Port S_DEVICE_addr_i[23] in module core2axi_if is either unconnected or has no load
WARNING: [Synth 8-7129] Port S_DEVICE_addr_i[22] in module core2axi_if is either unconnected or has no load
WARNING: [Synth 8-7129] Port S_DEVICE_addr_i[21] in module core2axi_if is either unconnected or has no load
WARNING: [Synth 8-7129] Port S_DEVICE_addr_i[20] in module core2axi_if is either unconnected or has no load
WARNING: [Synth 8-7129] Port S_DEVICE_addr_i[19] in module core2axi_if is either unconnected or has no load
WARNING: [Synth 8-7129] Port S_DEVICE_addr_i[18] in module core2axi_if is either unconnected or has no load
WARNING: [Synth 8-7129] Port S_DEVICE_addr_i[17] in module core2axi_if is either unconnected or has no load
WARNING: [Synth 8-7129] Port S_DEVICE_addr_i[16] in module core2axi_if is either unconnected or has no load
WARNING: [Synth 8-7129] Port S_DEVICE_addr_i[15] in module core2axi_if is either unconnected or has no load
WARNING: [Synth 8-7129] Port S_DEVICE_addr_i[14] in module core2axi_if is either unconnected or has no load
WARNING: [Synth 8-7129] Port S_DEVICE_addr_i[13] in module core2axi_if is either unconnected or has no load
WARNING: [Synth 8-7129] Port S_DEVICE_addr_i[12] in module core2axi_if is either unconnected or has no load
WARNING: [Synth 8-7129] Port S_DEVICE_addr_i[11] in module core2axi_if is either unconnected or has no load
WARNING: [Synth 8-7129] Port S_DEVICE_addr_i[10] in module core2axi_if is either unconnected or has no load
WARNING: [Synth 8-7129] Port S_DEVICE_addr_i[9] in module core2axi_if is either unconnected or has no load
WARNING: [Synth 8-7129] Port S_DEVICE_addr_i[8] in module core2axi_if is either unconnected or has no load
WARNING: [Synth 8-7129] Port S_DEVICE_addr_i[7] in module core2axi_if is either unconnected or has no load
WARNING: [Synth 8-7129] Port m_axi_bresp[1] in module core2axi_if is either unconnected or has no load
WARNING: [Synth 8-7129] Port m_axi_bresp[0] in module core2axi_if is either unconnected or has no load
WARNING: [Synth 8-7129] Port m_axi_rresp[1] in module core2axi_if is either unconnected or has no load
WARNING: [Synth 8-7129] Port m_axi_rresp[0] in module core2axi_if is either unconnected or has no load
WARNING: [Synth 8-7129] Port addr_i[31] in module dsa_feeder_1fma_bram is either unconnected or has no load
WARNING: [Synth 8-7129] Port addr_i[30] in module dsa_feeder_1fma_bram is either unconnected or has no load
WARNING: [Synth 8-7129] Port addr_i[29] in module dsa_feeder_1fma_bram is either unconnected or has no load
WARNING: [Synth 8-7129] Port addr_i[28] in module dsa_feeder_1fma_bram is either unconnected or has no load
WARNING: [Synth 8-7129] Port addr_i[27] in module dsa_feeder_1fma_bram is either unconnected or has no load
WARNING: [Synth 8-7129] Port addr_i[26] in module dsa_feeder_1fma_bram is either unconnected or has no load
WARNING: [Synth 8-7129] Port addr_i[25] in module dsa_feeder_1fma_bram is either unconnected or has no load
WARNING: [Synth 8-7129] Port addr_i[24] in module dsa_feeder_1fma_bram is either unconnected or has no load
WARNING: [Synth 8-7129] Port addr_i[23] in module dsa_feeder_1fma_bram is either unconnected or has no load
WARNING: [Synth 8-7129] Port addr_i[22] in module dsa_feeder_1fma_bram is either unconnected or has no load
WARNING: [Synth 8-7129] Port addr_i[21] in module dsa_feeder_1fma_bram is either unconnected or has no load
WARNING: [Synth 8-7129] Port addr_i[20] in module dsa_feeder_1fma_bram is either unconnected or has no load
WARNING: [Synth 8-7129] Port addr_i[19] in module dsa_feeder_1fma_bram is either unconnected or has no load
WARNING: [Synth 8-7129] Port addr_i[18] in module dsa_feeder_1fma_bram is either unconnected or has no load
WARNING: [Synth 8-7129] Port addr_i[17] in module dsa_feeder_1fma_bram is either unconnected or has no load
WARNING: [Synth 8-7129] Port addr_i[16] in module dsa_feeder_1fma_bram is either unconnected or has no load
WARNING: [Synth 8-7129] Port addr_i[15] in module dsa_feeder_1fma_bram is either unconnected or has no load
WARNING: [Synth 8-7129] Port addr_i[14] in module dsa_feeder_1fma_bram is either unconnected or has no load
WARNING: [Synth 8-7129] Port addr_i[13] in module dsa_feeder_1fma_bram is either unconnected or has no load
WARNING: [Synth 8-7129] Port s_axis_a_tready in module dsa_feeder_1fma_bram is either unconnected or has no load
WARNING: [Synth 8-7129] Port s_axis_b_tready in module dsa_feeder_1fma_bram is either unconnected or has no load
WARNING: [Synth 8-7129] Port s_axis_c_tready in module dsa_feeder_1fma_bram is either unconnected or has no load
WARNING: [Synth 8-7129] Port BE[3] in module uart is either unconnected or has no load
WARNING: [Synth 8-7129] Port BE[2] in module uart is either unconnected or has no load
WARNING: [Synth 8-7129] Port BE[1] in module uart is either unconnected or has no load
WARNING: [Synth 8-7129] Port BE[0] in module uart is either unconnected or has no load
WARNING: [Synth 8-7129] Port DATAI[31] in module uart is either unconnected or has no load
WARNING: [Synth 8-7129] Port DATAI[30] in module uart is either unconnected or has no load
WARNING: [Synth 8-7129] Port DATAI[29] in module uart is either unconnected or has no load
WARNING: [Synth 8-7129] Port DATAI[28] in module uart is either unconnected or has no load
WARNING: [Synth 8-7129] Port DATAI[27] in module uart is either unconnected or has no load
WARNING: [Synth 8-7129] Port DATAI[26] in module uart is either unconnected or has no load
WARNING: [Synth 8-7129] Port DATAI[25] in module uart is either unconnected or has no load
WARNING: [Synth 8-7129] Port DATAI[24] in module uart is either unconnected or has no load
WARNING: [Synth 8-7129] Port DATAI[23] in module uart is either unconnected or has no load
WARNING: [Synth 8-7129] Port DATAI[22] in module uart is either unconnected or has no load
WARNING: [Synth 8-7129] Port DATAI[21] in module uart is either unconnected or has no load
WARNING: [Synth 8-7129] Port DATAI[20] in module uart is either unconnected or has no load
WARNING: [Synth 8-7129] Port DATAI[19] in module uart is either unconnected or has no load
WARNING: [Synth 8-7129] Port DATAI[18] in module uart is either unconnected or has no load
WARNING: [Synth 8-7129] Port DATAI[17] in module uart is either unconnected or has no load
WARNING: [Synth 8-7129] Port DATAI[16] in module uart is either unconnected or has no load
WARNING: [Synth 8-7129] Port DATAI[15] in module uart is either unconnected or has no load
WARNING: [Synth 8-7129] Port DATAI[14] in module uart is either unconnected or has no load
WARNING: [Synth 8-7129] Port DATAI[13] in module uart is either unconnected or has no load
WARNING: [Synth 8-7129] Port DATAI[12] in module uart is either unconnected or has no load
WARNING: [Synth 8-7129] Port DATAI[11] in module uart is either unconnected or has no load
WARNING: [Synth 8-7129] Port DATAI[10] in module uart is either unconnected or has no load
WARNING: [Synth 8-7129] Port DATAI[9] in module uart is either unconnected or has no load
WARNING: [Synth 8-7129] Port DATAI[8] in module uart is either unconnected or has no load
WARNING: [Synth 8-7129] Port p_addr_i[1] in module icache is either unconnected or has no load
WARNING: [Synth 8-7129] Port p_addr_i[0] in module icache is either unconnected or has no load
WARNING: [Synth 8-7129] Port p_flush_i in module icache is either unconnected or has no load
WARNING: [Synth 8-7129] Port core_id_i[0] in module atomic_unit is either unconnected or has no load
WARNING: [Synth 8-7129] Port pc_i[31] in module csr_file is either unconnected or has no load
WARNING: [Synth 8-7129] Port pc_i[30] in module csr_file is either unconnected or has no load
WARNING: [Synth 8-7129] Port pc_i[29] in module csr_file is either unconnected or has no load
WARNING: [Synth 8-7129] Port pc_i[28] in module csr_file is either unconnected or has no load
WARNING: [Synth 8-7129] Port pc_i[27] in module csr_file is either unconnected or has no load
WARNING: [Synth 8-7129] Port pc_i[26] in module csr_file is either unconnected or has no load
WARNING: [Synth 8-7129] Port pc_i[25] in module csr_file is either unconnected or has no load
WARNING: [Synth 8-7129] Port pc_i[24] in module csr_file is either unconnected or has no load
WARNING: [Synth 8-7129] Port pc_i[23] in module csr_file is either unconnected or has no load
WARNING: [Synth 8-7129] Port pc_i[22] in module csr_file is either unconnected or has no load
WARNING: [Synth 8-7129] Port pc_i[21] in module csr_file is either unconnected or has no load
WARNING: [Synth 8-7129] Port pc_i[20] in module csr_file is either unconnected or has no load
WARNING: [Synth 8-7129] Port pc_i[19] in module csr_file is either unconnected or has no load
WARNING: [Synth 8-7129] Port pc_i[18] in module csr_file is either unconnected or has no load
WARNING: [Synth 8-7129] Port pc_i[17] in module csr_file is either unconnected or has no load
WARNING: [Synth 8-7129] Port pc_i[16] in module csr_file is either unconnected or has no load
WARNING: [Synth 8-7129] Port pc_i[15] in module csr_file is either unconnected or has no load
INFO: [Common 17-14] Message 'Synth 8-7129' appears 100 times and further instances of the messages will be disabled. Use the Tcl command set_msg_config to change the current settings.
---------------------------------------------------------------------------------
Finished RTL Elaboration : Time (s): cpu = 00:00:30 ; elapsed = 00:00:34 . Memory (MB): peak = 2146.121 ; gain = 1411.293
---------------------------------------------------------------------------------
---------------------------------------------------------------------------------
Start Handling Custom Attributes
---------------------------------------------------------------------------------
---------------------------------------------------------------------------------
Finished Handling Custom Attributes : Time (s): cpu = 00:00:31 ; elapsed = 00:00:34 . Memory (MB): peak = 2146.121 ; gain = 1411.293
---------------------------------------------------------------------------------
---------------------------------------------------------------------------------
Finished RTL Optimization Phase 1 : Time (s): cpu = 00:00:31 ; elapsed = 00:00:34 . Memory (MB): peak = 2146.121 ; gain = 1411.293
---------------------------------------------------------------------------------
Netlist sorting complete. Time (s): cpu = 00:00:01 ; elapsed = 00:00:00.731 . Memory (MB): peak = 2146.121 ; gain = 0.000
INFO: [Project 1-570] Preparing netlist for logic optimization

Processing XDC Constraints
Initializing timing engine
Parsing XDC File [d:/code_projects/mpd/hw5/submit/aquila_ap/aquila_ap.gen/sources_1/ip/async_fifo_data/async_fifo_data/async_fifo_data_in_context.xdc] for cell 'synchronizer/DMEM_wt_data'
Finished Parsing XDC File [d:/code_projects/mpd/hw5/submit/aquila_ap/aquila_ap.gen/sources_1/ip/async_fifo_data/async_fifo_data/async_fifo_data_in_context.xdc] for cell 'synchronizer/DMEM_wt_data'
Parsing XDC File [d:/code_projects/mpd/hw5/submit/aquila_ap/aquila_ap.gen/sources_1/ip/async_fifo_data/async_fifo_data/async_fifo_data_in_context.xdc] for cell 'synchronizer/IMEM_rd_data'
Finished Parsing XDC File [d:/code_projects/mpd/hw5/submit/aquila_ap/aquila_ap.gen/sources_1/ip/async_fifo_data/async_fifo_data/async_fifo_data_in_context.xdc] for cell 'synchronizer/IMEM_rd_data'
Parsing XDC File [d:/code_projects/mpd/hw5/submit/aquila_ap/aquila_ap.gen/sources_1/ip/async_fifo_data/async_fifo_data/async_fifo_data_in_context.xdc] for cell 'synchronizer/DMEM_rd_data'
Finished Parsing XDC File [d:/code_projects/mpd/hw5/submit/aquila_ap/aquila_ap.gen/sources_1/ip/async_fifo_data/async_fifo_data/async_fifo_data_in_context.xdc] for cell 'synchronizer/DMEM_rd_data'
Parsing XDC File [d:/code_projects/mpd/hw5/submit/aquila_ap/aquila_ap.gen/sources_1/ip/async_fifo_signal/async_fifo_signal/async_fifo_signal_in_context.xdc] for cell 'synchronizer/IMEM_strobe'
Finished Parsing XDC File [d:/code_projects/mpd/hw5/submit/aquila_ap/aquila_ap.gen/sources_1/ip/async_fifo_signal/async_fifo_signal/async_fifo_signal_in_context.xdc] for cell 'synchronizer/IMEM_strobe'
Parsing XDC File [d:/code_projects/mpd/hw5/submit/aquila_ap/aquila_ap.gen/sources_1/ip/async_fifo_signal/async_fifo_signal/async_fifo_signal_in_context.xdc] for cell 'synchronizer/DMEM_strobe'
Finished Parsing XDC File [d:/code_projects/mpd/hw5/submit/aquila_ap/aquila_ap.gen/sources_1/ip/async_fifo_signal/async_fifo_signal/async_fifo_signal_in_context.xdc] for cell 'synchronizer/DMEM_strobe'
Parsing XDC File [d:/code_projects/mpd/hw5/submit/aquila_ap/aquila_ap.gen/sources_1/ip/async_fifo_signal/async_fifo_signal/async_fifo_signal_in_context.xdc] for cell 'synchronizer/DMEM_rw'
Finished Parsing XDC File [d:/code_projects/mpd/hw5/submit/aquila_ap/aquila_ap.gen/sources_1/ip/async_fifo_signal/async_fifo_signal/async_fifo_signal_in_context.xdc] for cell 'synchronizer/DMEM_rw'
Parsing XDC File [d:/code_projects/mpd/hw5/submit/aquila_ap/aquila_ap.gen/sources_1/ip/async_fifo_signal/async_fifo_signal/async_fifo_signal_in_context.xdc] for cell 'synchronizer/IMEM_done'
Finished Parsing XDC File [d:/code_projects/mpd/hw5/submit/aquila_ap/aquila_ap.gen/sources_1/ip/async_fifo_signal/async_fifo_signal/async_fifo_signal_in_context.xdc] for cell 'synchronizer/IMEM_done'
Parsing XDC File [d:/code_projects/mpd/hw5/submit/aquila_ap/aquila_ap.gen/sources_1/ip/async_fifo_signal/async_fifo_signal/async_fifo_signal_in_context.xdc] for cell 'synchronizer/DMEM_done'
Finished Parsing XDC File [d:/code_projects/mpd/hw5/submit/aquila_ap/aquila_ap.gen/sources_1/ip/async_fifo_signal/async_fifo_signal/async_fifo_signal_in_context.xdc] for cell 'synchronizer/DMEM_done'
Parsing XDC File [d:/code_projects/mpd/hw5/submit/aquila_ap/aquila_ap.gen/sources_1/ip/async_fifo_addr/async_fifo_addr/async_fifo_addr_in_context.xdc] for cell 'synchronizer/IMEM_addr'
Finished Parsing XDC File [d:/code_projects/mpd/hw5/submit/aquila_ap/aquila_ap.gen/sources_1/ip/async_fifo_addr/async_fifo_addr/async_fifo_addr_in_context.xdc] for cell 'synchronizer/IMEM_addr'
Parsing XDC File [d:/code_projects/mpd/hw5/submit/aquila_ap/aquila_ap.gen/sources_1/ip/async_fifo_addr/async_fifo_addr/async_fifo_addr_in_context.xdc] for cell 'synchronizer/DMEM_addr'
Finished Parsing XDC File [d:/code_projects/mpd/hw5/submit/aquila_ap/aquila_ap.gen/sources_1/ip/async_fifo_addr/async_fifo_addr/async_fifo_addr_in_context.xdc] for cell 'synchronizer/DMEM_addr'
Parsing XDC File [d:/code_projects/mpd/hw5/submit/aquila_ap/aquila_ap.gen/sources_1/ip/axi_quad_spi_0/axi_quad_spi_0/axi_quad_spi_0_in_context.xdc] for cell 'SD_Card_Controller'
Finished Parsing XDC File [d:/code_projects/mpd/hw5/submit/aquila_ap/aquila_ap.gen/sources_1/ip/axi_quad_spi_0/axi_quad_spi_0/axi_quad_spi_0_in_context.xdc] for cell 'SD_Card_Controller'
Parsing XDC File [d:/code_projects/mpd/hw5/submit/aquila_ap/aquila_ap.gen/sources_1/ip/mig_7series_0/mig_7series_0/mig_7series_0_in_context.xdc] for cell 'MIG'
Finished Parsing XDC File [d:/code_projects/mpd/hw5/submit/aquila_ap/aquila_ap.gen/sources_1/ip/mig_7series_0/mig_7series_0/mig_7series_0_in_context.xdc] for cell 'MIG'
Parsing XDC File [d:/code_projects/mpd/hw5/submit/aquila_ap/aquila_ap.gen/sources_1/ip/clk_wiz_0/clk_wiz_0/clk_wiz_0_in_context.xdc] for cell 'Clock_Generator'
Finished Parsing XDC File [d:/code_projects/mpd/hw5/submit/aquila_ap/aquila_ap.gen/sources_1/ip/clk_wiz_0/clk_wiz_0/clk_wiz_0_in_context.xdc] for cell 'Clock_Generator'
Parsing XDC File [d:/code_projects/mpd/hw5/submit/aquila_ap/aquila_ap.gen/sources_1/ip/floating_point_0/floating_point_0/floating_point_0_in_context.xdc] for cell 'FMA_0'
Finished Parsing XDC File [d:/code_projects/mpd/hw5/submit/aquila_ap/aquila_ap.gen/sources_1/ip/floating_point_0/floating_point_0/floating_point_0_in_context.xdc] for cell 'FMA_0'
Parsing XDC File [D:/code_projects/mpd/hw5/submit/src/xdc/arty.xdc]
Finished Parsing XDC File [D:/code_projects/mpd/hw5/submit/src/xdc/arty.xdc]
INFO: [Project 1-236] Implementation specific constraints were found while reading constraint file [D:/code_projects/mpd/hw5/submit/src/xdc/arty.xdc]. These constraints will be ignored for synthesis but will be used in implementation. Impacted constraints are listed in the file [.Xil/soc_top_propImpl.xdc].
Resolution: To avoid this warning, move constraints listed in [.Xil/soc_top_propImpl.xdc] to another XDC file and exclude this new file from synthesis with the used_in_synthesis property (File Properties dialog in GUI) and re-run elaboration/synthesis.
Completed Processing XDC Constraints

Netlist sorting complete. Time (s): cpu = 00:00:00 ; elapsed = 00:00:00.019 . Memory (MB): peak = 2146.121 ; gain = 0.000
INFO: [Project 1-111] Unisim Transformation Summary:
No Unisim elements were transformed.

Constraint Validation Runtime : Time (s): cpu = 00:00:00 ; elapsed = 00:00:00.325 . Memory (MB): peak = 2146.121 ; gain = 0.000
WARNING: [Timing 38-316] Clock period '100.000' specified during out-of-context synthesis of instance 'FMA_0' at clock pin 'aclk' is different from the actual clock period '20.000', this can lead to different synthesis results.
---------------------------------------------------------------------------------
Finished Constraint Validation : Time (s): cpu = 00:00:51 ; elapsed = 00:00:55 . Memory (MB): peak = 2146.121 ; gain = 1411.293
---------------------------------------------------------------------------------
---------------------------------------------------------------------------------
Start Loading Part and Timing Information
---------------------------------------------------------------------------------
Loading part: xc7a100tcsg324-1
---------------------------------------------------------------------------------
Finished Loading Part and Timing Information : Time (s): cpu = 00:00:51 ; elapsed = 00:00:55 . Memory (MB): peak = 2146.121 ; gain = 1411.293
---------------------------------------------------------------------------------
---------------------------------------------------------------------------------
Start Applying 'set_property' XDC Constraints
---------------------------------------------------------------------------------
---------------------------------------------------------------------------------
Finished applying 'set_property' XDC Constraints : Time (s): cpu = 00:00:51 ; elapsed = 00:00:55 . Memory (MB): peak = 2146.121 ; gain = 1411.293
---------------------------------------------------------------------------------
INFO: [Synth 8-802] inferred FSM for state register 'S_reg' in module 'muldiv'
INFO: [Synth 8-802] inferred FSM for state register 'dS_reg' in module 'core_top'
INFO: [Synth 8-802] inferred FSM for state register 'state_reg' in module 'atomic_unit'
INFO: [Synth 8-802] inferred FSM for state register 'S_reg' in module 'icache'
INFO: [Synth 8-802] inferred FSM for state register 'S_reg' in module 'dcache'
INFO: [Synth 8-802] inferred FSM for state register 'state_reg' in module 'dsa_feeder_1fma_bram'
INFO: [Synth 8-802] inferred FSM for state register 'c_state_reg' in module 'mem_arbiter'
---------------------------------------------------------------------------------------------------
                   State |                     New Encoding |                Previous Encoding 
---------------------------------------------------------------------------------------------------
                  S_IDLE |                            00001 |                              000
                  S_CALC |                            10000 |                              001
           S_SIGN_ADJUST |                            01000 |                              010
                  S_DONE |                            00100 |                              011
                 S_STALL |                            00010 |                              100
---------------------------------------------------------------------------------------------------
INFO: [Synth 8-3354] encoded FSM with state register 'S_reg' using encoding 'one-hot' in module 'muldiv'
---------------------------------------------------------------------------------------------------
                   State |                     New Encoding |                Previous Encoding 
---------------------------------------------------------------------------------------------------
                  d_IDLE |                               00 |                               00
                  d_WAIT |                               01 |                               01
                 d_STALL |                               10 |                               10
---------------------------------------------------------------------------------------------------
INFO: [Synth 8-3354] encoded FSM with state register 'dS_reg' using encoding 'sequential' in module 'core_top'
WARNING: [Synth 8-6841] Block RAM (RAM_reg) originally specified as a Byte Wide Write Enable RAM cannot take advantage of ByteWide feature and is implemented with single write enable per RAM due to following reason.
(address width (14) is more than optimal threshold of 12. Implementing using BWWE will require more logic and timing would be suboptimal. Please use attribute ram_decomp = power if BWWE is desired.)
INFO: [Synth 8-3971] The signal "sram_dp:/RAM_reg" was recognized as a true dual port RAM template.
---------------------------------------------------------------------------------------------------
                   State |                     New Encoding |                Previous Encoding 
---------------------------------------------------------------------------------------------------
                  Bypass |                              000 |                              000
                   AmoRd |                              100 |                              001
                    Wait |                              011 |                              110
                   AmoWr |                              010 |                              010
               AmoFinish |                              001 |                              011
---------------------------------------------------------------------------------------------------
INFO: [Synth 8-3354] encoded FSM with state register 'state_reg' using encoding 'sequential' in module 'atomic_unit'
---------------------------------------------------------------------------------------------------
                   State |                     New Encoding |                Previous Encoding 
---------------------------------------------------------------------------------------------------
                    Init |                            10000 |                              000
                    Idle |                            00001 |                              001
                    Next |                            00100 |                              010
               RdfromMem |                            01000 |                              011
         RdfromMemFinish |                            00010 |                              100
---------------------------------------------------------------------------------------------------
INFO: [Synth 8-3354] encoded FSM with state register 'S_reg' using encoding 'one-hot' in module 'icache'
---------------------------------------------------------------------------------------------------
                   State |                     New Encoding |                Previous Encoding 
---------------------------------------------------------------------------------------------------
                    Init |                        001000000 |                             0000
                    Idle |                        000001000 |                             0001
                Analysis |                        000010000 |                             0010
              WbtoMemAll |                        000100000 |                             0101
        WbtoMemAllFinish |                        100000000 |                             0110
                 WbtoMem |                        000000001 |                             0011
                   RdAmo |                        000000010 |                             0111
             RdAmoFinish |                        010000000 |                             1000
               RdfromMem |                        000000100 |                             0100
---------------------------------------------------------------------------------------------------
INFO: [Synth 8-3354] encoded FSM with state register 'S_reg' using encoding 'one-hot' in module 'dcache'
---------------------------------------------------------------------------------------------------
                   State |                     New Encoding |                Previous Encoding 
---------------------------------------------------------------------------------------------------
                 ST_IDLE |                              000 |                              000
                 ST_PIPE |                              001 |                              001
                 ST_RED1 |                              010 |                              011
                 ST_RED2 |                              011 |                              100
                 ST_RED3 |                              100 |                              101
                ST_DRAIN |                              101 |                              010
---------------------------------------------------------------------------------------------------
INFO: [Synth 8-3354] encoded FSM with state register 'state_reg' using encoding 'sequential' in module 'dsa_feeder_1fma_bram'
---------------------------------------------------------------------------------------------------
                   State |                     New Encoding |                Previous Encoding 
---------------------------------------------------------------------------------------------------
                  M_IDLE |                               00 |                               00
                  M_SEND |                               01 |                               01
                  M_WAIT |                               10 |                               10
                  M_DONE |                               11 |                               11
---------------------------------------------------------------------------------------------------
INFO: [Synth 8-3354] encoded FSM with state register 'c_state_reg' using encoding 'sequential' in module 'mem_arbiter'
---------------------------------------------------------------------------------
Finished RTL Optimization Phase 2 : Time (s): cpu = 00:01:04 ; elapsed = 00:01:12 . Memory (MB): peak = 2146.121 ; gain = 1411.293
---------------------------------------------------------------------------------
---------------------------------------------------------------------------------
Start RTL Component Statistics 
---------------------------------------------------------------------------------
Detailed RTL Component Info : 
+---Adders : 
	   2 Input   65 Bit       Adders := 1     
	   2 Input   64 Bit       Adders := 1     
	   2 Input   33 Bit       Adders := 2     
	   2 Input   32 Bit       Adders := 10    
	   2 Input   17 Bit       Adders := 1     
	   2 Input   16 Bit       Adders := 3     
	   2 Input   11 Bit       Adders := 2     
	   2 Input   10 Bit       Adders := 1     
	   2 Input    6 Bit       Adders := 4     
	   2 Input    4 Bit       Adders := 2     
	   2 Input    2 Bit       Adders := 6     
+---XORs : 
	   2 Input     32 Bit         XORs := 2     
	   2 Input      4 Bit         XORs := 1     
	   2 Input      1 Bit         XORs := 4     
+---Registers : 
	              128 Bit    Registers := 19    
	               65 Bit    Registers := 1     
	               64 Bit    Registers := 4     
	               32 Bit    Registers := 1382  
	               30 Bit    Registers := 1     
	               27 Bit    Registers := 1     
	               22 Bit    Registers := 4     
	               16 Bit    Registers := 4     
	               12 Bit    Registers := 3     
	                8 Bit    Registers := 2     
	                7 Bit    Registers := 2     
	                6 Bit    Registers := 5     
	                5 Bit    Registers := 9     
	                4 Bit    Registers := 9     
	                3 Bit    Registers := 5     
	                2 Bit    Registers := 209   
	                1 Bit    Registers := 111   
+---Multipliers : 
	              32x32  Multipliers := 1     
+---RAMs : 
	             512K Bit	(16384 X 32 bit)          RAMs := 1     
	               8K Bit	(64 X 128 bit)          RAMs := 8     
	               1K Bit	(64 X 22 bit)          RAMs := 4     
+---Muxes : 
	   2 Input  128 Bit        Muxes := 15    
	   4 Input  128 Bit        Muxes := 6     
	   3 Input  128 Bit        Muxes := 2     
	   2 Input   65 Bit        Muxes := 13    
	   3 Input   65 Bit        Muxes := 1     
	   2 Input   64 Bit        Muxes := 3     
	   3 Input   64 Bit        Muxes := 1     
	   2 Input   33 Bit        Muxes := 1     
	   2 Input   32 Bit        Muxes := 109   
	   3 Input   32 Bit        Muxes := 4     
	   4 Input   32 Bit        Muxes := 25    
	   6 Input   32 Bit        Muxes := 5     
	   5 Input   32 Bit        Muxes := 1     
	   2 Input   30 Bit        Muxes := 1     
	   3 Input   27 Bit        Muxes := 1     
	   2 Input   26 Bit        Muxes := 1     
	   4 Input   22 Bit        Muxes := 3     
	   4 Input   18 Bit        Muxes := 1     
	   2 Input   16 Bit        Muxes := 3     
	   6 Input   16 Bit        Muxes := 2     
	   3 Input   16 Bit        Muxes := 1     
	   2 Input   13 Bit        Muxes := 1     
	  24 Input    9 Bit        Muxes := 1     
	   2 Input    9 Bit        Muxes := 1     
	   2 Input    8 Bit        Muxes := 11    
	   2 Input    6 Bit        Muxes := 6     
	   2 Input    5 Bit        Muxes := 10    
	   5 Input    5 Bit        Muxes := 2     
	   2 Input    4 Bit        Muxes := 13    
	   6 Input    4 Bit        Muxes := 3     
	   4 Input    4 Bit        Muxes := 1     
	   9 Input    4 Bit        Muxes := 2     
	   6 Input    3 Bit        Muxes := 5     
	   3 Input    3 Bit        Muxes := 5     
	   5 Input    3 Bit        Muxes := 2     
	   2 Input    3 Bit        Muxes := 12    
	   6 Input    2 Bit        Muxes := 2     
	   2 Input    2 Bit        Muxes := 17    
	   5 Input    2 Bit        Muxes := 4     
	   3 Input    2 Bit        Muxes := 7     
	   4 Input    2 Bit        Muxes := 3     
	   2 Input    1 Bit        Muxes := 738   
	   3 Input    1 Bit        Muxes := 256   
	   4 Input    1 Bit        Muxes := 13    
	   6 Input    1 Bit        Muxes := 16    
---------------------------------------------------------------------------------
Finished RTL Component Statistics 
---------------------------------------------------------------------------------
---------------------------------------------------------------------------------
Start Part Resource Summary
---------------------------------------------------------------------------------
Part Resources:
DSPs: 240 (col length:80)
BRAMs: 270 (col length: RAMB18 80 RAMB36 40)
---------------------------------------------------------------------------------
Finished Part Resource Summary
---------------------------------------------------------------------------------
---------------------------------------------------------------------------------
Start Cross Boundary and Area Optimization
---------------------------------------------------------------------------------
INFO: [Synth 8-5544] ROM "hit_index" won't be mapped to Block RAM because address size (4) smaller than threshold (5)
INFO: [Synth 8-5544] ROM "hit_index" won't be mapped to Block RAM because address size (4) smaller than threshold (5)
INFO: [Synth 8-12192] Not enough pipeline registers after wide multiplier. Pipeline registers present is 2. Recommended levels of pipeline registers is 4. [D:/code_projects/mpd/hw5/submit/src/core_rtl/muldiv.v:210]
DSP Report: Generating DSP mul00, operation Mode is: A2*B2.
DSP Report: register op_a_r_reg is absorbed into DSP mul00.
DSP Report: register mul00 is absorbed into DSP mul00.
DSP Report: operator mul00 is absorbed into DSP mul00.
DSP Report: operator mul00 is absorbed into DSP mul00.
DSP Report: Generating DSP mul0_reg, operation Mode is: (PCIN>>17)+A2*B2.
DSP Report: register op_b_r_reg is absorbed into DSP mul0_reg.
DSP Report: register op_a_r_reg is absorbed into DSP mul0_reg.
DSP Report: register mul0_reg is absorbed into DSP mul0_reg.
DSP Report: operator mul00 is absorbed into DSP mul0_reg.
DSP Report: operator mul00 is absorbed into DSP mul0_reg.
DSP Report: Generating DSP mul00, operation Mode is: A2*B2.
DSP Report: register mul00 is absorbed into DSP mul00.
DSP Report: register mul00 is absorbed into DSP mul00.
DSP Report: operator mul00 is absorbed into DSP mul00.
DSP Report: operator mul00 is absorbed into DSP mul00.
DSP Report: Generating DSP mul0_reg, operation Mode is: (PCIN>>17)+A2*B2.
DSP Report: register op_b_r_reg is absorbed into DSP mul0_reg.
DSP Report: register mul0_reg is absorbed into DSP mul0_reg.
DSP Report: register mul0_reg is absorbed into DSP mul0_reg.
DSP Report: operator mul00 is absorbed into DSP mul0_reg.
DSP Report: operator mul00 is absorbed into DSP mul0_reg.
INFO: [Synth 8-5544] ROM "hit_index" won't be mapped to Block RAM because address size (4) smaller than threshold (5)
INFO: [Synth 8-5544] ROM "hit_index" won't be mapped to Block RAM because address size (4) smaller than threshold (5)
INFO: [Synth 8-5544] ROM "wmask" won't be mapped to Block RAM because address size (2) smaller than threshold (5)
WARNING: [Synth 8-6841] Block RAM (RAM_reg) originally specified as a Byte Wide Write Enable RAM cannot take advantage of ByteWide feature and is implemented with single write enable per RAM due to following reason.
(address width (14) is more than optimal threshold of 12. Implementing using BWWE will require more logic and timing would be suboptimal. Please use attribute ram_decomp = power if BWWE is desired.)
INFO: [Synth 8-3971] The signal "Aquila_SoC/TCM/RAM_reg" was recognized as a true dual port RAM template.
INFO: [Synth 8-3886] merging instance 'Aquila_SoC/RISCV_CORE0/Decode/amo_type_o_reg[3]' (FDRE) to 'Aquila_SoC/RISCV_CORE0/Decode/csr_addr2fwd_o_reg[10]'
INFO: [Synth 8-3886] merging instance 'Aquila_SoC/RISCV_CORE0/Decode/amo_type_o_reg[2]' (FDRE) to 'Aquila_SoC/RISCV_CORE0/Decode/csr_addr2fwd_o_reg[9]'
INFO: [Synth 8-3886] merging instance 'Aquila_SoC/RISCV_CORE0/Decode/amo_type_o_reg[4]' (FDRE) to 'Aquila_SoC/RISCV_CORE0/Decode/csr_addr2fwd_o_reg[11]'
INFO: [Synth 8-3886] merging instance 'Aquila_SoC/RISCV_CORE0/Fetch/xcpt_tval_o_reg[31]' (FD) to 'Aquila_SoC/RISCV_CORE0/Fetch/xcpt_cause_o_reg[3]'
INFO: [Synth 8-3886] merging instance 'Aquila_SoC/RISCV_CORE0/Fetch/xcpt_tval_o_reg[0]' (FD) to 'Aquila_SoC/RISCV_CORE0/Fetch/xcpt_cause_o_reg[3]'
INFO: [Synth 8-3886] merging instance 'Aquila_SoC/RISCV_CORE0/Fetch/xcpt_tval_o_reg[1]' (FD) to 'Aquila_SoC/RISCV_CORE0/Fetch/xcpt_cause_o_reg[3]'
INFO: [Synth 8-3886] merging instance 'Aquila_SoC/RISCV_CORE0/Fetch/xcpt_tval_o_reg[2]' (FD) to 'Aquila_SoC/RISCV_CORE0/Fetch/xcpt_cause_o_reg[3]'
INFO: [Synth 8-3886] merging instance 'Aquila_SoC/RISCV_CORE0/Fetch/xcpt_tval_o_reg[3]' (FD) to 'Aquila_SoC/RISCV_CORE0/Fetch/xcpt_cause_o_reg[3]'
INFO: [Synth 8-3886] merging instance 'Aquila_SoC/RISCV_CORE0/Fetch/xcpt_tval_o_reg[4]' (FD) to 'Aquila_SoC/RISCV_CORE0/Fetch/xcpt_cause_o_reg[3]'
INFO: [Synth 8-3886] merging instance 'Aquila_SoC/RISCV_CORE0/Fetch/xcpt_tval_o_reg[5]' (FD) to 'Aquila_SoC/RISCV_CORE0/Fetch/xcpt_cause_o_reg[3]'
INFO: [Synth 8-3886] merging instance 'Aquila_SoC/RISCV_CORE0/Fetch/xcpt_tval_o_reg[6]' (FD) to 'Aquila_SoC/RISCV_CORE0/Fetch/xcpt_cause_o_reg[3]'
INFO: [Synth 8-3886] merging instance 'Aquila_SoC/RISCV_CORE0/Fetch/xcpt_tval_o_reg[7]' (FD) to 'Aquila_SoC/RISCV_CORE0/Fetch/xcpt_cause_o_reg[3]'
INFO: [Synth 8-3886] merging instance 'Aquila_SoC/RISCV_CORE0/Fetch/xcpt_tval_o_reg[8]' (FD) to 'Aquila_SoC/RISCV_CORE0/Fetch/xcpt_cause_o_reg[3]'
INFO: [Synth 8-3886] merging instance 'Aquila_SoC/RISCV_CORE0/Fetch/xcpt_tval_o_reg[9]' (FD) to 'Aquila_SoC/RISCV_CORE0/Fetch/xcpt_cause_o_reg[3]'
INFO: [Synth 8-3886] merging instance 'Aquila_SoC/RISCV_CORE0/Fetch/xcpt_tval_o_reg[10]' (FD) to 'Aquila_SoC/RISCV_CORE0/Fetch/xcpt_cause_o_reg[3]'
INFO: [Synth 8-3886] merging instance 'Aquila_SoC/RISCV_CORE0/Fetch/xcpt_tval_o_reg[11]' (FD) to 'Aquila_SoC/RISCV_CORE0/Fetch/xcpt_cause_o_reg[3]'
INFO: [Synth 8-3886] merging instance 'Aquila_SoC/RISCV_CORE0/Fetch/xcpt_tval_o_reg[12]' (FD) to 'Aquila_SoC/RISCV_CORE0/Fetch/xcpt_cause_o_reg[3]'
INFO: [Synth 8-3886] merging instance 'Aquila_SoC/RISCV_CORE0/Fetch/xcpt_tval_o_reg[13]' (FD) to 'Aquila_SoC/RISCV_CORE0/Fetch/xcpt_cause_o_reg[3]'
INFO: [Synth 8-3886] merging instance 'Aquila_SoC/RISCV_CORE0/Fetch/xcpt_tval_o_reg[14]' (FD) to 'Aquila_SoC/RISCV_CORE0/Fetch/xcpt_cause_o_reg[3]'
INFO: [Synth 8-3886] merging instance 'Aquila_SoC/RISCV_CORE0/Fetch/xcpt_tval_o_reg[15]' (FD) to 'Aquila_SoC/RISCV_CORE0/Fetch/xcpt_cause_o_reg[3]'
INFO: [Synth 8-3886] merging instance 'Aquila_SoC/RISCV_CORE0/Fetch/xcpt_tval_o_reg[16]' (FD) to 'Aquila_SoC/RISCV_CORE0/Fetch/xcpt_cause_o_reg[3]'
INFO: [Synth 8-3886] merging instance 'Aquila_SoC/RISCV_CORE0/Fetch/xcpt_tval_o_reg[17]' (FD) to 'Aquila_SoC/RISCV_CORE0/Fetch/xcpt_cause_o_reg[3]'
INFO: [Synth 8-3886] merging instance 'Aquila_SoC/RISCV_CORE0/Fetch/xcpt_tval_o_reg[18]' (FD) to 'Aquila_SoC/RISCV_CORE0/Fetch/xcpt_cause_o_reg[3]'
INFO: [Synth 8-3886] merging instance 'Aquila_SoC/RISCV_CORE0/Fetch/xcpt_tval_o_reg[19]' (FD) to 'Aquila_SoC/RISCV_CORE0/Fetch/xcpt_cause_o_reg[3]'
INFO: [Synth 8-3886] merging instance 'Aquila_SoC/RISCV_CORE0/Fetch/xcpt_tval_o_reg[20]' (FD) to 'Aquila_SoC/RISCV_CORE0/Fetch/xcpt_cause_o_reg[3]'
INFO: [Synth 8-3886] merging instance 'Aquila_SoC/RISCV_CORE0/Fetch/xcpt_tval_o_reg[21]' (FD) to 'Aquila_SoC/RISCV_CORE0/Fetch/xcpt_cause_o_reg[3]'
INFO: [Synth 8-3886] merging instance 'Aquila_SoC/RISCV_CORE0/Fetch/xcpt_tval_o_reg[22]' (FD) to 'Aquila_SoC/RISCV_CORE0/Fetch/xcpt_cause_o_reg[3]'
INFO: [Synth 8-3886] merging instance 'Aquila_SoC/RISCV_CORE0/Fetch/xcpt_tval_o_reg[23]' (FD) to 'Aquila_SoC/RISCV_CORE0/Fetch/xcpt_cause_o_reg[3]'
INFO: [Synth 8-3886] merging instance 'Aquila_SoC/RISCV_CORE0/Fetch/xcpt_tval_o_reg[24]' (FD) to 'Aquila_SoC/RISCV_CORE0/Fetch/xcpt_cause_o_reg[3]'
INFO: [Synth 8-3886] merging instance 'Aquila_SoC/RISCV_CORE0/Fetch/xcpt_tval_o_reg[25]' (FD) to 'Aquila_SoC/RISCV_CORE0/Fetch/xcpt_cause_o_reg[3]'
INFO: [Synth 8-3886] merging instance 'Aquila_SoC/RISCV_CORE0/Fetch/xcpt_tval_o_reg[26]' (FD) to 'Aquila_SoC/RISCV_CORE0/Fetch/xcpt_cause_o_reg[3]'
INFO: [Synth 8-3886] merging instance 'Aquila_SoC/RISCV_CORE0/Fetch/xcpt_tval_o_reg[27]' (FD) to 'Aquila_SoC/RISCV_CORE0/Fetch/xcpt_cause_o_reg[3]'
INFO: [Synth 8-3886] merging instance 'Aquila_SoC/RISCV_CORE0/Fetch/xcpt_tval_o_reg[28]' (FD) to 'Aquila_SoC/RISCV_CORE0/Fetch/xcpt_cause_o_reg[3]'
INFO: [Synth 8-3886] merging instance 'Aquila_SoC/RISCV_CORE0/Fetch/xcpt_tval_o_reg[29]' (FD) to 'Aquila_SoC/RISCV_CORE0/Fetch/xcpt_cause_o_reg[3]'
INFO: [Synth 8-3886] merging instance 'Aquila_SoC/RISCV_CORE0/Fetch/xcpt_tval_o_reg[30]' (FD) to 'Aquila_SoC/RISCV_CORE0/Fetch/xcpt_cause_o_reg[3]'
INFO: [Synth 8-3886] merging instance 'Aquila_SoC/I_Cache/m_addr_o_reg[0]' (FD) to 'Aquila_SoC/I_Cache/m_addr_o_reg[1]'
INFO: [Synth 8-3886] merging instance 'Aquila_SoC/I_Cache/m_addr_o_reg[1]' (FD) to 'Aquila_SoC/I_Cache/m_addr_o_reg[2]'
INFO: [Synth 8-3886] merging instance 'Aquila_SoC/I_Cache/m_addr_o_reg[2]' (FD) to 'Aquila_SoC/I_Cache/m_addr_o_reg[3]'
INFO: [Synth 8-3333] propagating constant 0 across sequential element (Aquila_SoC/I_Cache/\m_addr_o_reg[3] )
INFO: [Synth 8-3886] merging instance 'Aquila_SoC/RISCV_CORE0/Fetch/xcpt_cause_o_reg[0]' (FD) to 'Aquila_SoC/RISCV_CORE0/Fetch/xcpt_cause_o_reg[3]'
INFO: [Synth 8-3886] merging instance 'Aquila_SoC/RISCV_CORE0/Fetch/xcpt_cause_o_reg[1]' (FD) to 'Aquila_SoC/RISCV_CORE0/Fetch/xcpt_cause_o_reg[3]'
INFO: [Synth 8-3886] merging instance 'Aquila_SoC/RISCV_CORE0/Fetch/xcpt_cause_o_reg[2]' (FD) to 'Aquila_SoC/RISCV_CORE0/Fetch/xcpt_cause_o_reg[3]'
INFO: [Synth 8-3886] merging instance 'Aquila_SoC/RISCV_CORE0/Fetch/xcpt_cause_o_reg[3]' (FD) to 'Aquila_SoC/RISCV_CORE0/Fetch/double_ls_delay_reg'
INFO: [Synth 8-3886] merging instance 'Aquila_SoC/RISCV_CORE0/Fetch/xcpt_valid_o_reg' (FD) to 'Aquila_SoC/RISCV_CORE0/Fetch/double_ls_delay_reg'
INFO: [Synth 8-3886] merging instance 'Aquila_SoC/RISCV_CORE0/Decode/amo_type_o_reg[0]' (FDRE) to 'Aquila_SoC/RISCV_CORE0/Decode/csr_addr2fwd_o_reg[7]'
INFO: [Synth 8-3886] merging instance 'Aquila_SoC/RISCV_CORE0/Decode/amo_type_o_reg[1]' (FDRE) to 'Aquila_SoC/RISCV_CORE0/Decode/csr_addr2fwd_o_reg[8]'
INFO: [Synth 8-3886] merging instance 'Aquila_SoC/RISCV_CORE0/CSR/mip_r_reg[31]' (FDRE) to 'Aquila_SoC/RISCV_CORE0/CSR/mip_r_reg[0]'
INFO: [Synth 8-3886] merging instance 'Aquila_SoC/RISCV_CORE0/CSR/mie_r_reg[31]' (FDRE) to 'Aquila_SoC/RISCV_CORE0/CSR/mie_r_reg[0]'
INFO: [Synth 8-3886] merging instance 'Aquila_SoC/RISCV_CORE0/CSR/mip_r_reg[0]' (FDRE) to 'Aquila_SoC/RISCV_CORE0/CSR/mip_r_reg[2]'
INFO: [Synth 8-3886] merging instance 'Aquila_SoC/RISCV_CORE0/CSR/mie_r_reg[0]' (FDRE) to 'Aquila_SoC/RISCV_CORE0/CSR/mie_r_reg[2]'
INFO: [Synth 8-3886] merging instance 'Aquila_SoC/RISCV_CORE0/CSR/mip_r_reg[2]' (FDRE) to 'Aquila_SoC/RISCV_CORE0/CSR/mip_r_reg[4]'
INFO: [Synth 8-3886] merging instance 'Aquila_SoC/RISCV_CORE0/CSR/mie_r_reg[2]' (FDRE) to 'Aquila_SoC/RISCV_CORE0/CSR/mie_r_reg[4]'
INFO: [Synth 8-3886] merging instance 'Aquila_SoC/RISCV_CORE0/CSR/mip_r_reg[4]' (FDRE) to 'Aquila_SoC/RISCV_CORE0/CSR/mip_r_reg[6]'
INFO: [Synth 8-3886] merging instance 'Aquila_SoC/RISCV_CORE0/CSR/mie_r_reg[4]' (FDRE) to 'Aquila_SoC/RISCV_CORE0/CSR/mie_r_reg[6]'
INFO: [Synth 8-3886] merging instance 'Aquila_SoC/RISCV_CORE0/CSR/mip_r_reg[6]' (FDRE) to 'Aquila_SoC/RISCV_CORE0/CSR/mip_r_reg[8]'
INFO: [Synth 8-3886] merging instance 'Aquila_SoC/RISCV_CORE0/CSR/mie_r_reg[6]' (FDRE) to 'Aquila_SoC/RISCV_CORE0/CSR/mie_r_reg[8]'
INFO: [Synth 8-3886] merging instance 'Aquila_SoC/RISCV_CORE0/CSR/mip_r_reg[8]' (FDRE) to 'Aquila_SoC/RISCV_CORE0/CSR/mip_r_reg[10]'
INFO: [Synth 8-3886] merging instance 'Aquila_SoC/RISCV_CORE0/CSR/mie_r_reg[8]' (FDRE) to 'Aquila_SoC/RISCV_CORE0/CSR/mie_r_reg[10]'
INFO: [Synth 8-3886] merging instance 'Aquila_SoC/RISCV_CORE0/CSR/mip_r_reg[10]' (FDRE) to 'Aquila_SoC/RISCV_CORE0/CSR/mip_r_reg[12]'
INFO: [Synth 8-3886] merging instance 'Aquila_SoC/RISCV_CORE0/CSR/mie_r_reg[10]' (FDRE) to 'Aquila_SoC/RISCV_CORE0/CSR/mie_r_reg[12]'
INFO: [Synth 8-3886] merging instance 'Aquila_SoC/RISCV_CORE0/CSR/mip_r_reg[12]' (FDRE) to 'Aquila_SoC/RISCV_CORE0/CSR/mip_r_reg[13]'
INFO: [Synth 8-3886] merging instance 'Aquila_SoC/RISCV_CORE0/CSR/mie_r_reg[12]' (FDRE) to 'Aquila_SoC/RISCV_CORE0/CSR/mie_r_reg[13]'
INFO: [Synth 8-3886] merging instance 'Aquila_SoC/RISCV_CORE0/CSR/mip_r_reg[13]' (FDRE) to 'Aquila_SoC/RISCV_CORE0/CSR/mip_r_reg[14]'
INFO: [Synth 8-3886] merging instance 'Aquila_SoC/RISCV_CORE0/CSR/mie_r_reg[13]' (FDRE) to 'Aquila_SoC/RISCV_CORE0/CSR/mie_r_reg[14]'
INFO: [Synth 8-3886] merging instance 'Aquila_SoC/RISCV_CORE0/CSR/mip_r_reg[14]' (FDRE) to 'Aquila_SoC/RISCV_CORE0/CSR/mip_r_reg[15]'
INFO: [Synth 8-3886] merging instance 'Aquila_SoC/RISCV_CORE0/CSR/mie_r_reg[14]' (FDRE) to 'Aquila_SoC/RISCV_CORE0/CSR/mie_r_reg[15]'
INFO: [Synth 8-3886] merging instance 'Aquila_SoC/RISCV_CORE0/CSR/mip_r_reg[15]' (FDRE) to 'Aquila_SoC/RISCV_CORE0/CSR/mip_r_reg[16]'
INFO: [Synth 8-3886] merging instance 'Aquila_SoC/RISCV_CORE0/CSR/mie_r_reg[15]' (FDRE) to 'Aquila_SoC/RISCV_CORE0/CSR/mie_r_reg[16]'
INFO: [Synth 8-3886] merging instance 'Aquila_SoC/RISCV_CORE0/CSR/mip_r_reg[16]' (FDRE) to 'Aquila_SoC/RISCV_CORE0/CSR/mip_r_reg[17]'
INFO: [Synth 8-3886] merging instance 'Aquila_SoC/RISCV_CORE0/CSR/mie_r_reg[16]' (FDRE) to 'Aquila_SoC/RISCV_CORE0/CSR/mie_r_reg[17]'
INFO: [Synth 8-3886] merging instance 'Aquila_SoC/RISCV_CORE0/CSR/mip_r_reg[17]' (FDRE) to 'Aquila_SoC/RISCV_CORE0/CSR/mip_r_reg[18]'
INFO: [Synth 8-3886] merging instance 'Aquila_SoC/RISCV_CORE0/CSR/mie_r_reg[17]' (FDRE) to 'Aquila_SoC/RISCV_CORE0/CSR/mie_r_reg[18]'
INFO: [Synth 8-3886] merging instance 'Aquila_SoC/RISCV_CORE0/CSR/mip_r_reg[18]' (FDRE) to 'Aquila_SoC/RISCV_CORE0/CSR/mip_r_reg[19]'
INFO: [Synth 8-3886] merging instance 'Aquila_SoC/RISCV_CORE0/CSR/mie_r_reg[18]' (FDRE) to 'Aquila_SoC/RISCV_CORE0/CSR/mie_r_reg[19]'
INFO: [Synth 8-3886] merging instance 'Aquila_SoC/RISCV_CORE0/CSR/mip_r_reg[19]' (FDRE) to 'Aquila_SoC/RISCV_CORE0/CSR/mip_r_reg[20]'
INFO: [Synth 8-3886] merging instance 'Aquila_SoC/RISCV_CORE0/CSR/mie_r_reg[19]' (FDRE) to 'Aquila_SoC/RISCV_CORE0/CSR/mie_r_reg[20]'
INFO: [Synth 8-3886] merging instance 'Aquila_SoC/RISCV_CORE0/CSR/mip_r_reg[20]' (FDRE) to 'Aquila_SoC/RISCV_CORE0/CSR/mip_r_reg[21]'
INFO: [Synth 8-3886] merging instance 'Aquila_SoC/RISCV_CORE0/CSR/mie_r_reg[20]' (FDRE) to 'Aquila_SoC/RISCV_CORE0/CSR/mie_r_reg[21]'
INFO: [Synth 8-3886] merging instance 'Aquila_SoC/RISCV_CORE0/CSR/mip_r_reg[21]' (FDRE) to 'Aquila_SoC/RISCV_CORE0/CSR/mip_r_reg[22]'
INFO: [Synth 8-3886] merging instance 'Aquila_SoC/RISCV_CORE0/CSR/mie_r_reg[21]' (FDRE) to 'Aquila_SoC/RISCV_CORE0/CSR/mie_r_reg[22]'
INFO: [Synth 8-3886] merging instance 'Aquila_SoC/RISCV_CORE0/CSR/mip_r_reg[22]' (FDRE) to 'Aquila_SoC/RISCV_CORE0/CSR/mip_r_reg[23]'
INFO: [Synth 8-3886] merging instance 'Aquila_SoC/RISCV_CORE0/CSR/mie_r_reg[22]' (FDRE) to 'Aquila_SoC/RISCV_CORE0/CSR/mie_r_reg[23]'
INFO: [Synth 8-3886] merging instance 'Aquila_SoC/RISCV_CORE0/CSR/mip_r_reg[23]' (FDRE) to 'Aquila_SoC/RISCV_CORE0/CSR/mip_r_reg[24]'
INFO: [Synth 8-3886] merging instance 'Aquila_SoC/RISCV_CORE0/CSR/mie_r_reg[23]' (FDRE) to 'Aquila_SoC/RISCV_CORE0/CSR/mie_r_reg[24]'
INFO: [Synth 8-3886] merging instance 'Aquila_SoC/RISCV_CORE0/CSR/mip_r_reg[24]' (FDRE) to 'Aquila_SoC/RISCV_CORE0/CSR/mip_r_reg[25]'
INFO: [Synth 8-3886] merging instance 'Aquila_SoC/RISCV_CORE0/CSR/mie_r_reg[24]' (FDRE) to 'Aquila_SoC/RISCV_CORE0/CSR/mie_r_reg[25]'
INFO: [Synth 8-3886] merging instance 'Aquila_SoC/RISCV_CORE0/CSR/mip_r_reg[25]' (FDRE) to 'Aquila_SoC/RISCV_CORE0/CSR/mip_r_reg[26]'
INFO: [Synth 8-3886] merging instance 'Aquila_SoC/RISCV_CORE0/CSR/mie_r_reg[25]' (FDRE) to 'Aquila_SoC/RISCV_CORE0/CSR/mie_r_reg[26]'
INFO: [Synth 8-3886] merging instance 'Aquila_SoC/RISCV_CORE0/CSR/mip_r_reg[26]' (FDRE) to 'Aquila_SoC/RISCV_CORE0/CSR/mip_r_reg[27]'
INFO: [Synth 8-3886] merging instance 'Aquila_SoC/RISCV_CORE0/CSR/mie_r_reg[26]' (FDRE) to 'Aquila_SoC/RISCV_CORE0/CSR/mie_r_reg[27]'
INFO: [Synth 8-3886] merging instance 'Aquila_SoC/RISCV_CORE0/CSR/misa_r_reg[26]' (FDRE) to 'Aquila_SoC/RISCV_CORE0/CSR/misa_r_reg[27]'
INFO: [Synth 8-3886] merging instance 'Aquila_SoC/RISCV_CORE0/CSR/mip_r_reg[27]' (FDRE) to 'Aquila_SoC/RISCV_CORE0/CSR/mip_r_reg[28]'
INFO: [Synth 8-3886] merging instance 'Aquila_SoC/RISCV_CORE0/CSR/mie_r_reg[27]' (FDRE) to 'Aquila_SoC/RISCV_CORE0/CSR/mie_r_reg[28]'
INFO: [Synth 8-3886] merging instance 'Aquila_SoC/RISCV_CORE0/CSR/misa_r_reg[27]' (FDRE) to 'Aquila_SoC/RISCV_CORE0/CSR/misa_r_reg[28]'
INFO: [Synth 8-3886] merging instance 'Aquila_SoC/RISCV_CORE0/CSR/mip_r_reg[28]' (FDRE) to 'Aquila_SoC/RISCV_CORE0/CSR/mip_r_reg[29]'
INFO: [Synth 8-3886] merging instance 'Aquila_SoC/RISCV_CORE0/CSR/mie_r_reg[28]' (FDRE) to 'Aquila_SoC/RISCV_CORE0/CSR/mie_r_reg[29]'
INFO: [Synth 8-3886] merging instance 'Aquila_SoC/RISCV_CORE0/CSR/misa_r_reg[28]' (FDRE) to 'Aquila_SoC/RISCV_CORE0/CSR/misa_r_reg[29]'
INFO: [Synth 8-3886] merging instance 'Aquila_SoC/RISCV_CORE0/CSR/mip_r_reg[29]' (FDRE) to 'Aquila_SoC/RISCV_CORE0/CSR/mip_r_reg[30]'
INFO: [Synth 8-3886] merging instance 'Aquila_SoC/RISCV_CORE0/CSR/mie_r_reg[29]' (FDRE) to 'Aquila_SoC/RISCV_CORE0/CSR/mie_r_reg[30]'
INFO: [Synth 8-3333] propagating constant 0 across sequential element (Aquila_SoC/RISCV_CORE0/CSR/\misa_r_reg[29] )
INFO: [Synth 8-3333] propagating constant 0 across sequential element (Aquila_SoC/RISCV_CORE0/CSR/\mip_r_reg[30] )
INFO: [Synth 8-3333] propagating constant 0 across sequential element (Aquila_SoC/RISCV_CORE0/CSR/\mie_r_reg[30] )
INFO: [Synth 8-3886] merging instance 'UART/DATAO_reg[24]' (FDR) to 'UART/DATAO_reg[17]'
INFO: [Synth 8-3886] merging instance 'UART/DATAO_reg[8]' (FDR) to 'UART/DATAO_reg[31]'
INFO: [Common 17-14] Message 'Synth 8-3886' appears 100 times and further instances of the messages will be disabled. Use the Tcl command set_msg_config to change the current settings.
INFO: [Common 17-14] Message 'Synth 8-3886' appears 100 times and further instances of the messages will be disabled. Use the Tcl command set_msg_config to change the current settings.
INFO: [Synth 8-3333] propagating constant 0 across sequential element (\UART/DATAO_reg[22] )
INFO: [Synth 8-3333] propagating constant 0 across sequential element (Aquila_SoC/RISCV_CORE0/Program_Counter/stall_fp64_ls_struct_r_reg)
INFO: [Synth 8-3333] propagating constant 0 across sequential element (Aquila_SoC/RISCV_CORE0/Fetch/double_ls_delay_reg)
INFO: [Synth 8-3333] propagating constant 0 across sequential element (Aquila_SoC/RISCV_CORE0/CSR/\mip_r_reg[11] )
INFO: [Synth 8-3333] propagating constant 0 across sequential element (Aquila_SoC/RISCV_CORE0/Decode/\xcpt_cause_o_reg[2] )
INFO: [Synth 8-3333] propagating constant 0 across sequential element (Aquila_SoC/RISCV_CORE0/Fetch/double_ls_delay_reg)
INFO: [Synth 8-3333] propagating constant 0 across sequential element (Aquila_SoC/RISCV_CORE0/Execute/\xcpt_cause_o_reg[2] )
WARNING: [Synth 8-3332] Sequential element (mul0_reg[47]) is unused and will be removed from module muldiv.
WARNING: [Synth 8-3332] Sequential element (mul0_reg[46]) is unused and will be removed from module muldiv.
WARNING: [Synth 8-3332] Sequential element (mul0_reg[45]) is unused and will be removed from module muldiv.
WARNING: [Synth 8-3332] Sequential element (mul0_reg[44]) is unused and will be removed from module muldiv.
WARNING: [Synth 8-3332] Sequential element (mul0_reg[43]) is unused and will be removed from module muldiv.
WARNING: [Synth 8-3332] Sequential element (mul0_reg[42]) is unused and will be removed from module muldiv.
WARNING: [Synth 8-3332] Sequential element (mul0_reg[41]) is unused and will be removed from module muldiv.
WARNING: [Synth 8-3332] Sequential element (mul0_reg[40]) is unused and will be removed from module muldiv.
WARNING: [Synth 8-3332] Sequential element (mul0_reg[39]) is unused and will be removed from module muldiv.
WARNING: [Synth 8-3332] Sequential element (mul0_reg[38]) is unused and will be removed from module muldiv.
WARNING: [Synth 8-3332] Sequential element (mul0_reg[37]) is unused and will be removed from module muldiv.
WARNING: [Synth 8-3332] Sequential element (mul0_reg[36]) is unused and will be removed from module muldiv.
WARNING: [Synth 8-3332] Sequential element (mul0_reg[35]) is unused and will be removed from module muldiv.
WARNING: [Synth 8-3332] Sequential element (mul0_reg[34]) is unused and will be removed from module muldiv.
WARNING: [Synth 8-3332] Sequential element (mul0_reg[33]) is unused and will be removed from module muldiv.
WARNING: [Synth 8-3332] Sequential element (mul0_reg[32]) is unused and will be removed from module muldiv.
WARNING: [Synth 8-3332] Sequential element (mul0_reg[31]) is unused and will be removed from module muldiv.
WARNING: [Synth 8-3332] Sequential element (mul0_reg[30]) is unused and will be removed from module muldiv.
WARNING: [Synth 8-3332] Sequential element (mul0_reg[29]) is unused and will be removed from module muldiv.
WARNING: [Synth 8-3332] Sequential element (mul0_reg[28]) is unused and will be removed from module muldiv.
WARNING: [Synth 8-3332] Sequential element (mul0_reg[27]) is unused and will be removed from module muldiv.
WARNING: [Synth 8-3332] Sequential element (mul0_reg[26]) is unused and will be removed from module muldiv.
WARNING: [Synth 8-3332] Sequential element (mul0_reg[25]) is unused and will be removed from module muldiv.
WARNING: [Synth 8-3332] Sequential element (mul0_reg[24]) is unused and will be removed from module muldiv.
WARNING: [Synth 8-3332] Sequential element (mul0_reg[23]) is unused and will be removed from module muldiv.
WARNING: [Synth 8-3332] Sequential element (mul0_reg[22]) is unused and will be removed from module muldiv.
WARNING: [Synth 8-3332] Sequential element (mul0_reg[21]) is unused and will be removed from module muldiv.
WARNING: [Synth 8-3332] Sequential element (mul0_reg[20]) is unused and will be removed from module muldiv.
WARNING: [Synth 8-3332] Sequential element (mul0_reg[19]) is unused and will be removed from module muldiv.
WARNING: [Synth 8-3332] Sequential element (mul0_reg[18]) is unused and will be removed from module muldiv.
WARNING: [Synth 8-3332] Sequential element (mul0_reg[17]) is unused and will be removed from module muldiv.
WARNING: [Synth 8-3332] Sequential element (mul0_reg[47]__0) is unused and will be removed from module muldiv.
WARNING: [Synth 8-3332] Sequential element (mul0_reg[46]__0) is unused and will be removed from module muldiv.
WARNING: [Synth 8-3332] Sequential element (mul0_reg[45]__0) is unused and will be removed from module muldiv.
WARNING: [Synth 8-3332] Sequential element (mul0_reg[44]__0) is unused and will be removed from module muldiv.
WARNING: [Synth 8-3332] Sequential element (mul0_reg[43]__0) is unused and will be removed from module muldiv.
WARNING: [Synth 8-3332] Sequential element (mul0_reg[42]__0) is unused and will be removed from module muldiv.
WARNING: [Synth 8-3332] Sequential element (mul0_reg[41]__0) is unused and will be removed from module muldiv.
WARNING: [Synth 8-3332] Sequential element (mul0_reg[40]__0) is unused and will be removed from module muldiv.
WARNING: [Synth 8-3332] Sequential element (mul0_reg[39]__0) is unused and will be removed from module muldiv.
WARNING: [Synth 8-3332] Sequential element (mul0_reg[38]__0) is unused and will be removed from module muldiv.
WARNING: [Synth 8-3332] Sequential element (mul0_reg[37]__0) is unused and will be removed from module muldiv.
WARNING: [Synth 8-3332] Sequential element (mul0_reg[36]__0) is unused and will be removed from module muldiv.
WARNING: [Synth 8-3332] Sequential element (mul0_reg[35]__0) is unused and will be removed from module muldiv.
WARNING: [Synth 8-3332] Sequential element (mul0_reg[34]__0) is unused and will be removed from module muldiv.
WARNING: [Synth 8-3332] Sequential element (mul0_reg[33]__0) is unused and will be removed from module muldiv.
WARNING: [Synth 8-3332] Sequential element (mul0_reg[32]__0) is unused and will be removed from module muldiv.
WARNING: [Synth 8-3332] Sequential element (mul0_reg[31]__0) is unused and will be removed from module muldiv.
WARNING: [Synth 8-3332] Sequential element (mul0_reg[30]__0) is unused and will be removed from module muldiv.
WARNING: [Synth 8-3332] Sequential element (mul0_reg[29]__0) is unused and will be removed from module muldiv.
WARNING: [Synth 8-3332] Sequential element (mul0_reg[28]__0) is unused and will be removed from module muldiv.
WARNING: [Synth 8-3332] Sequential element (mul0_reg[27]__0) is unused and will be removed from module muldiv.
WARNING: [Synth 8-3332] Sequential element (mul0_reg[26]__0) is unused and will be removed from module muldiv.
WARNING: [Synth 8-3332] Sequential element (mul0_reg[25]__0) is unused and will be removed from module muldiv.
WARNING: [Synth 8-3332] Sequential element (mul0_reg[24]__0) is unused and will be removed from module muldiv.
WARNING: [Synth 8-3332] Sequential element (mul0_reg[23]__0) is unused and will be removed from module muldiv.
WARNING: [Synth 8-3332] Sequential element (mul0_reg[22]__0) is unused and will be removed from module muldiv.
WARNING: [Synth 8-3332] Sequential element (mul0_reg[21]__0) is unused and will be removed from module muldiv.
WARNING: [Synth 8-3332] Sequential element (mul0_reg[20]__0) is unused and will be removed from module muldiv.
WARNING: [Synth 8-3332] Sequential element (mul0_reg[19]__0) is unused and will be removed from module muldiv.
WARNING: [Synth 8-3332] Sequential element (mul0_reg[18]__0) is unused and will be removed from module muldiv.
WARNING: [Synth 8-3332] Sequential element (mul0_reg[17]__0) is unused and will be removed from module muldiv.
---------------------------------------------------------------------------------
Finished Cross Boundary and Area Optimization : Time (s): cpu = 00:01:40 ; elapsed = 00:02:52 . Memory (MB): peak = 2146.121 ; gain = 1411.293
---------------------------------------------------------------------------------
 Sort Area is soc_top__GC0 mul00_0 : 0 0 : 3137 5997 : Used 1 time 0
 Sort Area is soc_top__GC0 mul00_0 : 0 1 : 2860 5997 : Used 1 time 0
 Sort Area is soc_top__GC0 mul00_3 : 0 0 : 2793 5532 : Used 1 time 0
 Sort Area is soc_top__GC0 mul00_3 : 0 1 : 2739 5532 : Used 1 time 0
---------------------------------------------------------------------------------
Start ROM, RAM, DSP, Shift Register and Retiming Reporting
---------------------------------------------------------------------------------

Block RAM: Preliminary Mapping Report (see note below)
+-------------------+------------------------------+------------------------+---+---+------------------------+---+---+------------------+--------+--------+
|Module Name        | RTL Object                   | PORT A (Depth x Width) | W | R | PORT B (Depth x Width) | W | R | Ports driving FF | RAMB18 | RAMB36 | 
+-------------------+------------------------------+------------------------+---+---+------------------------+---+---+------------------+--------+--------+
|Aquila_SoC/TCM     | RAM_reg                      | 16 K x 32(READ_FIRST)  | W | R | 16 K x 32(READ_FIRST)  | W | R | Port A and B     | 0      | 16     | 
|Aquila_SoC/I_Cache | genblk1[0].DATA_BRAM/RAM_reg | 64 x 128(WRITE_FIRST)  | W | R |                        |   |   | Port A           | 0      | 2      | 
|Aquila_SoC/I_Cache | genblk1[1].DATA_BRAM/RAM_reg | 64 x 128(WRITE_FIRST)  | W | R |                        |   |   | Port A           | 0      | 2      | 
|Aquila_SoC/I_Cache | genblk1[2].DATA_BRAM/RAM_reg | 64 x 128(WRITE_FIRST)  | W | R |                        |   |   | Port A           | 0      | 2      | 
|Aquila_SoC/I_Cache | genblk1[3].DATA_BRAM/RAM_reg | 64 x 128(WRITE_FIRST)  | W | R |                        |   |   | Port A           | 0      | 2      | 
|Aquila_SoC/D_Cache | genblk1[0].DATA_BRAM/RAM_reg | 64 x 128(WRITE_FIRST)  | W | R |                        |   |   | Port A           | 0      | 2      | 
|Aquila_SoC/D_Cache | genblk1[1].DATA_BRAM/RAM_reg | 64 x 128(WRITE_FIRST)  | W | R |                        |   |   | Port A           | 0      | 2      | 
|Aquila_SoC/D_Cache | genblk1[2].DATA_BRAM/RAM_reg | 64 x 128(WRITE_FIRST)  | W | R |                        |   |   | Port A           | 0      | 2      | 
|Aquila_SoC/D_Cache | genblk1[3].DATA_BRAM/RAM_reg | 64 x 128(WRITE_FIRST)  | W | R |                        |   |   | Port A           | 0      | 2      | 
|Aquila_SoC/D_Cache | genblk2[0].TAG_BRAM/RAM_reg  | 64 x 22(WRITE_FIRST)   | W | R |                        |   |   | Port A           | 1      | 0      | 
|Aquila_SoC/D_Cache | genblk2[1].TAG_BRAM/RAM_reg  | 64 x 22(WRITE_FIRST)   | W | R |                        |   |   | Port A           | 1      | 0      | 
|Aquila_SoC/D_Cache | genblk2[2].TAG_BRAM/RAM_reg  | 64 x 22(WRITE_FIRST)   | W | R |                        |   |   | Port A           | 1      | 0      | 
|Aquila_SoC/D_Cache | genblk2[3].TAG_BRAM/RAM_reg  | 64 x 22(WRITE_FIRST)   | W | R |                        |   |   | Port A           | 1      | 0      | 
+-------------------+------------------------------+------------------------+---+---+------------------------+---+---+------------------+--------+--------+

Note: The table above is a preliminary report that shows the Block RAMs at the current stage of the synthesis flow. Some Block RAMs may be reimplemented as non Block RAM primitives later in the synthesis flow. Multiple instantiated Block RAMs are reported only once. 

Distributed RAM: Preliminary Mapping Report (see note below)
+----------------------------------------------+------------------------------+-----------+----------------------+----------------+
|Module Name                                   | RTL Object                   | Inference | Size (Depth x Width) | Primitives     | 
+----------------------------------------------+------------------------------+-----------+----------------------+----------------+
|Aquila_SoC/RISCV_CORE0/Branch_Prediction_Unit | BPU_BHT/RAM_reg              | Implied   | 64 x 64              | RAM64M x 22    | 
|Aquila_SoC/I_Cache                            | genblk3[0].VALID_RAM/RAM_reg | Implied   | 64 x 1               | RAM64M x 1     | 
|Aquila_SoC/I_Cache                            | genblk3[1].VALID_RAM/RAM_reg | Implied   | 64 x 1               | RAM64M x 1     | 
|Aquila_SoC/I_Cache                            | genblk3[2].VALID_RAM/RAM_reg | Implied   | 64 x 1               | RAM64M x 1     | 
|Aquila_SoC/I_Cache                            | genblk3[3].VALID_RAM/RAM_reg | Implied   | 64 x 1               | RAM64M x 1     | 
|Aquila_SoC/I_Cache                            | genblk2[1].TAG_RAM/RAM_reg   | Implied   | 64 x 22              | RAM64X1S x 22  | 
|Aquila_SoC/I_Cache                            | genblk2[2].TAG_RAM/RAM_reg   | Implied   | 64 x 22              | RAM64X1S x 22  | 
|Aquila_SoC/I_Cache                            | genblk2[3].TAG_RAM/RAM_reg   | Implied   | 64 x 22              | RAM64X1S x 22  | 
|Aquila_SoC/I_Cache                            | genblk2[0].TAG_RAM/RAM_reg   | Implied   | 64 x 22              | RAM64X1S x 22  | 
|Aquila_SoC/D_Cache                            | genblk3[0].VALID_RAM/RAM_reg | Implied   | 64 x 1               | RAM64M x 1     | 
|Aquila_SoC/D_Cache                            | genblk3[1].VALID_RAM/RAM_reg | Implied   | 64 x 1               | RAM64M x 1     | 
|Aquila_SoC/D_Cache                            | genblk3[2].VALID_RAM/RAM_reg | Implied   | 64 x 1               | RAM64M x 1     | 
|Aquila_SoC/D_Cache                            | genblk3[3].VALID_RAM/RAM_reg | Implied   | 64 x 1               | RAM64M x 1     | 
|Aquila_SoC/D_Cache                            | genblk4[0].DIRTY_RAM/RAM_reg | Implied   | 64 x 1               | RAM64M x 1     | 
|Aquila_SoC/D_Cache                            | genblk4[1].DIRTY_RAM/RAM_reg | Implied   | 64 x 1               | RAM64M x 1     | 
|Aquila_SoC/D_Cache                            | genblk4[2].DIRTY_RAM/RAM_reg | Implied   | 64 x 1               | RAM64M x 1     | 
|Aquila_SoC/D_Cache                            | genblk4[3].DIRTY_RAM/RAM_reg | Implied   | 64 x 1               | RAM64M x 1     | 
+----------------------------------------------+------------------------------+-----------+----------------------+----------------+

Note: The table above is a preliminary report that shows the Distributed RAMs at the current stage of the synthesis flow. Some Distributed RAMs may be reimplemented as non Distributed RAM primitives later in the synthesis flow. Multiple instantiated RAMs are reported only once.

DSP: Preliminary Mapping Report (see note below. The ' indicates corresponding REG is set)
+------------+------------------+--------+--------+--------+--------+--------+------+------+------+------+-------+------+------+
|Module Name | DSP Mapping      | A Size | B Size | C Size | D Size | P Size | AREG | BREG | CREG | DREG | ADREG | MREG | PREG | 
+------------+------------------+--------+--------+--------+--------+--------+------+------+------+------+-------+------+------+
|muldiv      | A2*B2            | 18     | 16     | -      | -      | 48     | 1    | 1    | -    | -    | -     | 0    | 0    | 
|muldiv      | (PCIN>>17)+A2*B2 | 16     | 16     | -      | -      | 48     | 1    | 1    | -    | -    | -     | 0    | 1    | 
|muldiv      | A2*B2            | 18     | 18     | -      | -      | 48     | 1    | 1    | -    | -    | -     | 0    | 0    | 
|muldiv      | (PCIN>>17)+A2*B2 | 18     | 16     | -      | -      | 48     | 1    | 1    | -    | -    | -     | 0    | 1    | 
+------------+------------------+--------+--------+--------+--------+--------+------+------+------+------+-------+------+------+

Note: The table above is a preliminary report that shows the DSPs inferred at the current stage of the synthesis flow. Some DSP may be reimplemented as non DSP primitives later in the synthesis flow. Multiple instantiated DSPs are reported only once.
---------------------------------------------------------------------------------
Finished ROM, RAM, DSP, Shift Register and Retiming Reporting
---------------------------------------------------------------------------------
---------------------------------------------------------------------------------
Start Applying XDC Timing Constraints
---------------------------------------------------------------------------------
---------------------------------------------------------------------------------
Finished Applying XDC Timing Constraints : Time (s): cpu = 00:01:53 ; elapsed = 00:03:06 . Memory (MB): peak = 2146.121 ; gain = 1411.293
---------------------------------------------------------------------------------
---------------------------------------------------------------------------------
Start Timing Optimization
---------------------------------------------------------------------------------
---------------------------------------------------------------------------------
Finished Timing Optimization : Time (s): cpu = 00:02:35 ; elapsed = 00:03:50 . Memory (MB): peak = 2179.113 ; gain = 1444.285
---------------------------------------------------------------------------------
---------------------------------------------------------------------------------
Start ROM, RAM, DSP, Shift Register and Retiming Reporting
---------------------------------------------------------------------------------

Block RAM: Final Mapping Report
+-------------------+------------------------------+------------------------+---+---+------------------------+---+---+------------------+--------+--------+
|Module Name        | RTL Object                   | PORT A (Depth x Width) | W | R | PORT B (Depth x Width) | W | R | Ports driving FF | RAMB18 | RAMB36 | 
+-------------------+------------------------------+------------------------+---+---+------------------------+---+---+------------------+--------+--------+
|Aquila_SoC/TCM     | RAM_reg                      | 16 K x 32(READ_FIRST)  | W | R | 16 K x 32(READ_FIRST)  | W | R | Port A and B     | 0      | 16     | 
|Aquila_SoC/I_Cache | genblk1[0].DATA_BRAM/RAM_reg | 64 x 128(WRITE_FIRST)  | W | R |                        |   |   | Port A           | 0      | 2      | 
|Aquila_SoC/I_Cache | genblk1[1].DATA_BRAM/RAM_reg | 64 x 128(WRITE_FIRST)  | W | R |                        |   |   | Port A           | 0      | 2      | 
|Aquila_SoC/I_Cache | genblk1[2].DATA_BRAM/RAM_reg | 64 x 128(WRITE_FIRST)  | W | R |                        |   |   | Port A           | 0      | 2      | 
|Aquila_SoC/I_Cache | genblk1[3].DATA_BRAM/RAM_reg | 64 x 128(WRITE_FIRST)  | W | R |                        |   |   | Port A           | 0      | 2      | 
|Aquila_SoC/D_Cache | genblk1[0].DATA_BRAM/RAM_reg | 64 x 128(WRITE_FIRST)  | W | R |                        |   |   | Port A           | 0      | 2      | 
|Aquila_SoC/D_Cache | genblk1[1].DATA_BRAM/RAM_reg | 64 x 128(WRITE_FIRST)  | W | R |                        |   |   | Port A           | 0      | 2      | 
|Aquila_SoC/D_Cache | genblk1[2].DATA_BRAM/RAM_reg | 64 x 128(WRITE_FIRST)  | W | R |                        |   |   | Port A           | 0      | 2      | 
|Aquila_SoC/D_Cache | genblk1[3].DATA_BRAM/RAM_reg | 64 x 128(WRITE_FIRST)  | W | R |                        |   |   | Port A           | 0      | 2      | 
|Aquila_SoC/D_Cache | genblk2[0].TAG_BRAM/RAM_reg  | 64 x 22(WRITE_FIRST)   | W | R |                        |   |   | Port A           | 1      | 0      | 
|Aquila_SoC/D_Cache | genblk2[1].TAG_BRAM/RAM_reg  | 64 x 22(WRITE_FIRST)   | W | R |                        |   |   | Port A           | 1      | 0      | 
|Aquila_SoC/D_Cache | genblk2[2].TAG_BRAM/RAM_reg  | 64 x 22(WRITE_FIRST)   | W | R |                        |   |   | Port A           | 1      | 0      | 
|Aquila_SoC/D_Cache | genblk2[3].TAG_BRAM/RAM_reg  | 64 x 22(WRITE_FIRST)   | W | R |                        |   |   | Port A           | 1      | 0      | 
+-------------------+------------------------------+------------------------+---+---+------------------------+---+---+------------------+--------+--------+


Distributed RAM: Final Mapping Report
+----------------------------------------------+------------------------------+-----------+----------------------+----------------+
|Module Name                                   | RTL Object                   | Inference | Size (Depth x Width) | Primitives     | 
+----------------------------------------------+------------------------------+-----------+----------------------+----------------+
|Aquila_SoC/RISCV_CORE0/Branch_Prediction_Unit | BPU_BHT/RAM_reg              | Implied   | 64 x 64              | RAM64M x 22    | 
|Aquila_SoC/I_Cache                            | genblk3[0].VALID_RAM/RAM_reg | Implied   | 64 x 1               | RAM64M x 1     | 
|Aquila_SoC/I_Cache                            | genblk3[1].VALID_RAM/RAM_reg | Implied   | 64 x 1               | RAM64M x 1     | 
|Aquila_SoC/I_Cache                            | genblk3[2].VALID_RAM/RAM_reg | Implied   | 64 x 1               | RAM64M x 1     | 
|Aquila_SoC/I_Cache                            | genblk3[3].VALID_RAM/RAM_reg | Implied   | 64 x 1               | RAM64M x 1     | 
|Aquila_SoC/I_Cache                            | genblk2[1].TAG_RAM/RAM_reg   | Implied   | 64 x 22              | RAM64X1S x 22  | 
|Aquila_SoC/I_Cache                            | genblk2[2].TAG_RAM/RAM_reg   | Implied   | 64 x 22              | RAM64X1S x 22  | 
|Aquila_SoC/I_Cache                            | genblk2[3].TAG_RAM/RAM_reg   | Implied   | 64 x 22              | RAM64X1S x 22  | 
|Aquila_SoC/I_Cache                            | genblk2[0].TAG_RAM/RAM_reg   | Implied   | 64 x 22              | RAM64X1S x 22  | 
|Aquila_SoC/D_Cache                            | genblk3[0].VALID_RAM/RAM_reg | Implied   | 64 x 1               | RAM64M x 1     | 
|Aquila_SoC/D_Cache                            | genblk3[1].VALID_RAM/RAM_reg | Implied   | 64 x 1               | RAM64M x 1     | 
|Aquila_SoC/D_Cache                            | genblk3[2].VALID_RAM/RAM_reg | Implied   | 64 x 1               | RAM64M x 1     | 
|Aquila_SoC/D_Cache                            | genblk3[3].VALID_RAM/RAM_reg | Implied   | 64 x 1               | RAM64M x 1     | 
|Aquila_SoC/D_Cache                            | genblk4[0].DIRTY_RAM/RAM_reg | Implied   | 64 x 1               | RAM64M x 1     | 
|Aquila_SoC/D_Cache                            | genblk4[1].DIRTY_RAM/RAM_reg | Implied   | 64 x 1               | RAM64M x 1     | 
|Aquila_SoC/D_Cache                            | genblk4[2].DIRTY_RAM/RAM_reg | Implied   | 64 x 1               | RAM64M x 1     | 
|Aquila_SoC/D_Cache                            | genblk4[3].DIRTY_RAM/RAM_reg | Implied   | 64 x 1               | RAM64M x 1     | 
+----------------------------------------------+------------------------------+-----------+----------------------+----------------+

---------------------------------------------------------------------------------
Finished ROM, RAM, DSP, Shift Register and Retiming Reporting
---------------------------------------------------------------------------------
---------------------------------------------------------------------------------
Start Technology Mapping
---------------------------------------------------------------------------------
INFO: [Synth 8-3333] propagating constant 0 across sequential element (i_0/\Aquila_SoC/RISCV_CORE0/Register_File/x_reg[0][31] )
INFO: [Synth 8-3333] propagating constant 0 across sequential element (i_0/\Aquila_SoC/RISCV_CORE0/Register_File/x_reg[0][30] )
INFO: [Synth 8-3333] propagating constant 0 across sequential element (i_0/\Aquila_SoC/RISCV_CORE0/Register_File/x_reg[0][29] )
INFO: [Synth 8-3333] propagating constant 0 across sequential element (i_0/\Aquila_SoC/RISCV_CORE0/Register_File/x_reg[0][28] )
INFO: [Synth 8-3333] propagating constant 0 across sequential element (i_0/\Aquila_SoC/RISCV_CORE0/Register_File/x_reg[0][27] )
INFO: [Synth 8-3333] propagating constant 0 across sequential element (i_0/\Aquila_SoC/RISCV_CORE0/Register_File/x_reg[0][26] )
INFO: [Synth 8-3333] propagating constant 0 across sequential element (i_0/\Aquila_SoC/RISCV_CORE0/Register_File/x_reg[0][25] )
INFO: [Synth 8-3333] propagating constant 0 across sequential element (i_0/\Aquila_SoC/RISCV_CORE0/Register_File/x_reg[0][24] )
INFO: [Synth 8-3333] propagating constant 0 across sequential element (i_0/\Aquila_SoC/RISCV_CORE0/Register_File/x_reg[0][23] )
INFO: [Synth 8-3333] propagating constant 0 across sequential element (i_0/\Aquila_SoC/RISCV_CORE0/Register_File/x_reg[0][22] )
INFO: [Synth 8-3333] propagating constant 0 across sequential element (i_0/\Aquila_SoC/RISCV_CORE0/Register_File/x_reg[0][21] )
INFO: [Synth 8-3333] propagating constant 0 across sequential element (i_0/\Aquila_SoC/RISCV_CORE0/Register_File/x_reg[0][20] )
INFO: [Synth 8-3333] propagating constant 0 across sequential element (i_0/\Aquila_SoC/RISCV_CORE0/Register_File/x_reg[0][19] )
INFO: [Synth 8-3333] propagating constant 0 across sequential element (i_0/\Aquila_SoC/RISCV_CORE0/Register_File/x_reg[0][18] )
INFO: [Synth 8-3333] propagating constant 0 across sequential element (i_0/\Aquila_SoC/RISCV_CORE0/Register_File/x_reg[0][17] )
INFO: [Synth 8-3333] propagating constant 0 across sequential element (i_0/\Aquila_SoC/RISCV_CORE0/Register_File/x_reg[0][16] )
INFO: [Synth 8-3333] propagating constant 0 across sequential element (i_0/\Aquila_SoC/RISCV_CORE0/Register_File/x_reg[0][15] )
INFO: [Synth 8-3333] propagating constant 0 across sequential element (i_0/\Aquila_SoC/RISCV_CORE0/Register_File/x_reg[0][14] )
INFO: [Synth 8-3333] propagating constant 0 across sequential element (i_0/\Aquila_SoC/RISCV_CORE0/Register_File/x_reg[0][13] )
INFO: [Synth 8-3333] propagating constant 0 across sequential element (i_0/\Aquila_SoC/RISCV_CORE0/Register_File/x_reg[0][12] )
INFO: [Synth 8-3333] propagating constant 0 across sequential element (i_0/\Aquila_SoC/RISCV_CORE0/Register_File/x_reg[0][11] )
INFO: [Synth 8-3333] propagating constant 0 across sequential element (i_0/\Aquila_SoC/RISCV_CORE0/Register_File/x_reg[0][10] )
INFO: [Synth 8-3333] propagating constant 0 across sequential element (i_0/\Aquila_SoC/RISCV_CORE0/Register_File/x_reg[0][9] )
INFO: [Synth 8-3333] propagating constant 0 across sequential element (i_0/\Aquila_SoC/RISCV_CORE0/Register_File/x_reg[0][8] )
INFO: [Synth 8-3333] propagating constant 0 across sequential element (i_0/\Aquila_SoC/RISCV_CORE0/Register_File/x_reg[0][7] )
INFO: [Synth 8-3333] propagating constant 0 across sequential element (i_0/\Aquila_SoC/RISCV_CORE0/Register_File/x_reg[0][6] )
INFO: [Synth 8-3333] propagating constant 0 across sequential element (i_0/\Aquila_SoC/RISCV_CORE0/Register_File/x_reg[0][5] )
INFO: [Synth 8-3333] propagating constant 0 across sequential element (i_0/\Aquila_SoC/RISCV_CORE0/Register_File/x_reg[0][4] )
INFO: [Synth 8-3333] propagating constant 0 across sequential element (i_0/\Aquila_SoC/RISCV_CORE0/Register_File/x_reg[0][3] )
INFO: [Synth 8-3333] propagating constant 0 across sequential element (i_0/\Aquila_SoC/RISCV_CORE0/Register_File/x_reg[0][2] )
INFO: [Synth 8-3333] propagating constant 0 across sequential element (i_0/\Aquila_SoC/RISCV_CORE0/Register_File/x_reg[0][1] )
INFO: [Synth 8-3333] propagating constant 0 across sequential element (i_0/\Aquila_SoC/RISCV_CORE0/Register_File/x_reg[0][0] )
INFO: [Synth 8-7052] The timing for the instance i_0/Aquila_SoC/TCM/RAM_reg_0_0 (implemented as a Block RAM) might be sub-optimal as no optional output register could be merged into the ram block. Providing additional output register may help in improving timing.
INFO: [Synth 8-7052] The timing for the instance i_0/Aquila_SoC/TCM/RAM_reg_0_0 (implemented as a Block RAM) might be sub-optimal as no optional output register could be merged into the ram block. Providing additional output register may help in improving timing.
INFO: [Synth 8-7052] The timing for the instance i_0/Aquila_SoC/TCM/RAM_reg_0_1 (implemented as a Block RAM) might be sub-optimal as no optional output register could be merged into the ram block. Providing additional output register may help in improving timing.
INFO: [Synth 8-7052] The timing for the instance i_0/Aquila_SoC/TCM/RAM_reg_0_1 (implemented as a Block RAM) might be sub-optimal as no optional output register could be merged into the ram block. Providing additional output register may help in improving timing.
INFO: [Synth 8-7052] The timing for the instance i_0/Aquila_SoC/TCM/RAM_reg_0_2 (implemented as a Block RAM) might be sub-optimal as no optional output register could be merged into the ram block. Providing additional output register may help in improving timing.
INFO: [Synth 8-7052] The timing for the instance i_0/Aquila_SoC/TCM/RAM_reg_0_2 (implemented as a Block RAM) might be sub-optimal as no optional output register could be merged into the ram block. Providing additional output register may help in improving timing.
INFO: [Synth 8-7052] The timing for the instance i_0/Aquila_SoC/TCM/RAM_reg_0_3 (implemented as a Block RAM) might be sub-optimal as no optional output register could be merged into the ram block. Providing additional output register may help in improving timing.
INFO: [Synth 8-7052] The timing for the instance i_0/Aquila_SoC/TCM/RAM_reg_0_3 (implemented as a Block RAM) might be sub-optimal as no optional output register could be merged into the ram block. Providing additional output register may help in improving timing.
INFO: [Synth 8-7052] The timing for the instance i_0/Aquila_SoC/TCM/RAM_reg_1_0 (implemented as a Block RAM) might be sub-optimal as no optional output register could be merged into the ram block. Providing additional output register may help in improving timing.
INFO: [Synth 8-7052] The timing for the instance i_0/Aquila_SoC/TCM/RAM_reg_1_0 (implemented as a Block RAM) might be sub-optimal as no optional output register could be merged into the ram block. Providing additional output register may help in improving timing.
INFO: [Synth 8-7052] The timing for the instance i_0/Aquila_SoC/TCM/RAM_reg_1_1 (implemented as a Block RAM) might be sub-optimal as no optional output register could be merged into the ram block. Providing additional output register may help in improving timing.
INFO: [Synth 8-7052] The timing for the instance i_0/Aquila_SoC/TCM/RAM_reg_1_1 (implemented as a Block RAM) might be sub-optimal as no optional output register could be merged into the ram block. Providing additional output register may help in improving timing.
INFO: [Synth 8-7052] The timing for the instance i_0/Aquila_SoC/TCM/RAM_reg_1_2 (implemented as a Block RAM) might be sub-optimal as no optional output register could be merged into the ram block. Providing additional output register may help in improving timing.
INFO: [Synth 8-7052] The timing for the instance i_0/Aquila_SoC/TCM/RAM_reg_1_2 (implemented as a Block RAM) might be sub-optimal as no optional output register could be merged into the ram block. Providing additional output register may help in improving timing.
INFO: [Synth 8-7052] The timing for the instance i_0/Aquila_SoC/TCM/RAM_reg_1_3 (implemented as a Block RAM) might be sub-optimal as no optional output register could be merged into the ram block. Providing additional output register may help in improving timing.
INFO: [Synth 8-7052] The timing for the instance i_0/Aquila_SoC/TCM/RAM_reg_1_3 (implemented as a Block RAM) might be sub-optimal as no optional output register could be merged into the ram block. Providing additional output register may help in improving timing.
INFO: [Synth 8-7052] The timing for the instance i_0/Aquila_SoC/TCM/RAM_reg_2_0 (implemented as a Block RAM) might be sub-optimal as no optional output register could be merged into the ram block. Providing additional output register may help in improving timing.
INFO: [Synth 8-7052] The timing for the instance i_0/Aquila_SoC/TCM/RAM_reg_2_0 (implemented as a Block RAM) might be sub-optimal as no optional output register could be merged into the ram block. Providing additional output register may help in improving timing.
INFO: [Synth 8-7052] The timing for the instance i_0/Aquila_SoC/TCM/RAM_reg_2_1 (implemented as a Block RAM) might be sub-optimal as no optional output register could be merged into the ram block. Providing additional output register may help in improving timing.
INFO: [Synth 8-7052] The timing for the instance i_0/Aquila_SoC/TCM/RAM_reg_2_1 (implemented as a Block RAM) might be sub-optimal as no optional output register could be merged into the ram block. Providing additional output register may help in improving timing.
INFO: [Synth 8-7052] The timing for the instance i_0/Aquila_SoC/TCM/RAM_reg_2_2 (implemented as a Block RAM) might be sub-optimal as no optional output register could be merged into the ram block. Providing additional output register may help in improving timing.
INFO: [Synth 8-7052] The timing for the instance i_0/Aquila_SoC/TCM/RAM_reg_2_2 (implemented as a Block RAM) might be sub-optimal as no optional output register could be merged into the ram block. Providing additional output register may help in improving timing.
INFO: [Synth 8-7052] The timing for the instance i_0/Aquila_SoC/TCM/RAM_reg_2_3 (implemented as a Block RAM) might be sub-optimal as no optional output register could be merged into the ram block. Providing additional output register may help in improving timing.
INFO: [Synth 8-7052] The timing for the instance i_0/Aquila_SoC/TCM/RAM_reg_2_3 (implemented as a Block RAM) might be sub-optimal as no optional output register could be merged into the ram block. Providing additional output register may help in improving timing.
INFO: [Synth 8-7052] The timing for the instance i_0/Aquila_SoC/TCM/RAM_reg_3_0 (implemented as a Block RAM) might be sub-optimal as no optional output register could be merged into the ram block. Providing additional output register may help in improving timing.
INFO: [Synth 8-7052] The timing for the instance i_0/Aquila_SoC/TCM/RAM_reg_3_0 (implemented as a Block RAM) might be sub-optimal as no optional output register could be merged into the ram block. Providing additional output register may help in improving timing.
INFO: [Synth 8-7052] The timing for the instance i_0/Aquila_SoC/TCM/RAM_reg_3_1 (implemented as a Block RAM) might be sub-optimal as no optional output register could be merged into the ram block. Providing additional output register may help in improving timing.
INFO: [Synth 8-7052] The timing for the instance i_0/Aquila_SoC/TCM/RAM_reg_3_1 (implemented as a Block RAM) might be sub-optimal as no optional output register could be merged into the ram block. Providing additional output register may help in improving timing.
INFO: [Synth 8-7052] The timing for the instance i_0/Aquila_SoC/TCM/RAM_reg_3_2 (implemented as a Block RAM) might be sub-optimal as no optional output register could be merged into the ram block. Providing additional output register may help in improving timing.
INFO: [Synth 8-7052] The timing for the instance i_0/Aquila_SoC/TCM/RAM_reg_3_2 (implemented as a Block RAM) might be sub-optimal as no optional output register could be merged into the ram block. Providing additional output register may help in improving timing.
INFO: [Synth 8-7052] The timing for the instance i_0/Aquila_SoC/TCM/RAM_reg_3_3 (implemented as a Block RAM) might be sub-optimal as no optional output register could be merged into the ram block. Providing additional output register may help in improving timing.
INFO: [Synth 8-7052] The timing for the instance i_0/Aquila_SoC/TCM/RAM_reg_3_3 (implemented as a Block RAM) might be sub-optimal as no optional output register could be merged into the ram block. Providing additional output register may help in improving timing.
INFO: [Synth 8-7052] The timing for the instance i_0/Aquila_SoC/I_Cache/genblk1[0].DATA_BRAM/RAM_reg_0 (implemented as a Block RAM) might be sub-optimal as no optional output register could be merged into the ram block. Providing additional output register may help in improving timing.
INFO: [Synth 8-7052] The timing for the instance i_0/Aquila_SoC/I_Cache/genblk1[0].DATA_BRAM/RAM_reg_0 (implemented as a Block RAM) might be sub-optimal as no optional output register could be merged into the ram block. Providing additional output register may help in improving timing.
INFO: [Synth 8-7052] The timing for the instance i_0/Aquila_SoC/I_Cache/genblk1[0].DATA_BRAM/RAM_reg_1 (implemented as a Block RAM) might be sub-optimal as no optional output register could be merged into the ram block. Providing additional output register may help in improving timing.
INFO: [Synth 8-7052] The timing for the instance i_0/Aquila_SoC/I_Cache/genblk1[0].DATA_BRAM/RAM_reg_1 (implemented as a Block RAM) might be sub-optimal as no optional output register could be merged into the ram block. Providing additional output register may help in improving timing.
INFO: [Synth 8-7052] The timing for the instance i_0/Aquila_SoC/I_Cache/genblk1[1].DATA_BRAM/RAM_reg_0 (implemented as a Block RAM) might be sub-optimal as no optional output register could be merged into the ram block. Providing additional output register may help in improving timing.
INFO: [Synth 8-7052] The timing for the instance i_0/Aquila_SoC/I_Cache/genblk1[1].DATA_BRAM/RAM_reg_0 (implemented as a Block RAM) might be sub-optimal as no optional output register could be merged into the ram block. Providing additional output register may help in improving timing.
INFO: [Synth 8-7052] The timing for the instance i_0/Aquila_SoC/I_Cache/genblk1[1].DATA_BRAM/RAM_reg_1 (implemented as a Block RAM) might be sub-optimal as no optional output register could be merged into the ram block. Providing additional output register may help in improving timing.
INFO: [Synth 8-7052] The timing for the instance i_0/Aquila_SoC/I_Cache/genblk1[1].DATA_BRAM/RAM_reg_1 (implemented as a Block RAM) might be sub-optimal as no optional output register could be merged into the ram block. Providing additional output register may help in improving timing.
INFO: [Synth 8-7052] The timing for the instance i_0/Aquila_SoC/I_Cache/genblk1[2].DATA_BRAM/RAM_reg_0 (implemented as a Block RAM) might be sub-optimal as no optional output register could be merged into the ram block. Providing additional output register may help in improving timing.
INFO: [Synth 8-7052] The timing for the instance i_0/Aquila_SoC/I_Cache/genblk1[2].DATA_BRAM/RAM_reg_0 (implemented as a Block RAM) might be sub-optimal as no optional output register could be merged into the ram block. Providing additional output register may help in improving timing.
INFO: [Synth 8-7052] The timing for the instance i_0/Aquila_SoC/I_Cache/genblk1[2].DATA_BRAM/RAM_reg_1 (implemented as a Block RAM) might be sub-optimal as no optional output register could be merged into the ram block. Providing additional output register may help in improving timing.
INFO: [Synth 8-7052] The timing for the instance i_0/Aquila_SoC/I_Cache/genblk1[2].DATA_BRAM/RAM_reg_1 (implemented as a Block RAM) might be sub-optimal as no optional output register could be merged into the ram block. Providing additional output register may help in improving timing.
INFO: [Synth 8-7052] The timing for the instance i_0/Aquila_SoC/I_Cache/genblk1[3].DATA_BRAM/RAM_reg_0 (implemented as a Block RAM) might be sub-optimal as no optional output register could be merged into the ram block. Providing additional output register may help in improving timing.
INFO: [Synth 8-7052] The timing for the instance i_0/Aquila_SoC/I_Cache/genblk1[3].DATA_BRAM/RAM_reg_0 (implemented as a Block RAM) might be sub-optimal as no optional output register could be merged into the ram block. Providing additional output register may help in improving timing.
INFO: [Synth 8-7052] The timing for the instance i_0/Aquila_SoC/I_Cache/genblk1[3].DATA_BRAM/RAM_reg_1 (implemented as a Block RAM) might be sub-optimal as no optional output register could be merged into the ram block. Providing additional output register may help in improving timing.
INFO: [Synth 8-7052] The timing for the instance i_0/Aquila_SoC/I_Cache/genblk1[3].DATA_BRAM/RAM_reg_1 (implemented as a Block RAM) might be sub-optimal as no optional output register could be merged into the ram block. Providing additional output register may help in improving timing.
INFO: [Synth 8-7052] The timing for the instance i_0/Aquila_SoC/D_Cache/genblk1[0].DATA_BRAM/RAM_reg_0 (implemented as a Block RAM) might be sub-optimal as no optional output register could be merged into the ram block. Providing additional output register may help in improving timing.
INFO: [Synth 8-7052] The timing for the instance i_0/Aquila_SoC/D_Cache/genblk1[0].DATA_BRAM/RAM_reg_0 (implemented as a Block RAM) might be sub-optimal as no optional output register could be merged into the ram block. Providing additional output register may help in improving timing.
INFO: [Synth 8-7052] The timing for the instance i_0/Aquila_SoC/D_Cache/genblk1[0].DATA_BRAM/RAM_reg_1 (implemented as a Block RAM) might be sub-optimal as no optional output register could be merged into the ram block. Providing additional output register may help in improving timing.
INFO: [Synth 8-7052] The timing for the instance i_0/Aquila_SoC/D_Cache/genblk1[0].DATA_BRAM/RAM_reg_1 (implemented as a Block RAM) might be sub-optimal as no optional output register could be merged into the ram block. Providing additional output register may help in improving timing.
INFO: [Synth 8-7052] The timing for the instance i_0/Aquila_SoC/D_Cache/genblk1[1].DATA_BRAM/RAM_reg_0 (implemented as a Block RAM) might be sub-optimal as no optional output register could be merged into the ram block. Providing additional output register may help in improving timing.
INFO: [Synth 8-7052] The timing for the instance i_0/Aquila_SoC/D_Cache/genblk1[1].DATA_BRAM/RAM_reg_0 (implemented as a Block RAM) might be sub-optimal as no optional output register could be merged into the ram block. Providing additional output register may help in improving timing.
INFO: [Synth 8-7052] The timing for the instance i_0/Aquila_SoC/D_Cache/genblk1[1].DATA_BRAM/RAM_reg_1 (implemented as a Block RAM) might be sub-optimal as no optional output register could be merged into the ram block. Providing additional output register may help in improving timing.
INFO: [Synth 8-7052] The timing for the instance i_0/Aquila_SoC/D_Cache/genblk1[1].DATA_BRAM/RAM_reg_1 (implemented as a Block RAM) might be sub-optimal as no optional output register could be merged into the ram block. Providing additional output register may help in improving timing.
INFO: [Synth 8-7052] The timing for the instance i_0/Aquila_SoC/D_Cache/genblk1[2].DATA_BRAM/RAM_reg_0 (implemented as a Block RAM) might be sub-optimal as no optional output register could be merged into the ram block. Providing additional output register may help in improving timing.
INFO: [Synth 8-7052] The timing for the instance i_0/Aquila_SoC/D_Cache/genblk1[2].DATA_BRAM/RAM_reg_0 (implemented as a Block RAM) might be sub-optimal as no optional output register could be merged into the ram block. Providing additional output register may help in improving timing.
INFO: [Synth 8-7052] The timing for the instance i_0/Aquila_SoC/D_Cache/genblk1[2].DATA_BRAM/RAM_reg_1 (implemented as a Block RAM) might be sub-optimal as no optional output register could be merged into the ram block. Providing additional output register may help in improving timing.
INFO: [Synth 8-7052] The timing for the instance i_0/Aquila_SoC/D_Cache/genblk1[2].DATA_BRAM/RAM_reg_1 (implemented as a Block RAM) might be sub-optimal as no optional output register could be merged into the ram block. Providing additional output register may help in improving timing.
INFO: [Synth 8-7052] The timing for the instance i_0/Aquila_SoC/D_Cache/genblk1[3].DATA_BRAM/RAM_reg_0 (implemented as a Block RAM) might be sub-optimal as no optional output register could be merged into the ram block. Providing additional output register may help in improving timing.
INFO: [Synth 8-7052] The timing for the instance i_0/Aquila_SoC/D_Cache/genblk1[3].DATA_BRAM/RAM_reg_0 (implemented as a Block RAM) might be sub-optimal as no optional output register could be merged into the ram block. Providing additional output register may help in improving timing.
INFO: [Synth 8-7052] The timing for the instance i_0/Aquila_SoC/D_Cache/genblk1[3].DATA_BRAM/RAM_reg_1 (implemented as a Block RAM) might be sub-optimal as no optional output register could be merged into the ram block. Providing additional output register may help in improving timing.
INFO: [Synth 8-7052] The timing for the instance i_0/Aquila_SoC/D_Cache/genblk1[3].DATA_BRAM/RAM_reg_1 (implemented as a Block RAM) might be sub-optimal as no optional output register could be merged into the ram block. Providing additional output register may help in improving timing.
INFO: [Synth 8-7052] The timing for the instance i_0/Aquila_SoC/D_Cache/genblk2[0].TAG_BRAM/RAM_reg (implemented as a Block RAM) might be sub-optimal as no optional output register could be merged into the ram block. Providing additional output register may help in improving timing.
INFO: [Synth 8-7052] The timing for the instance i_0/Aquila_SoC/D_Cache/genblk2[0].TAG_BRAM/RAM_reg (implemented as a Block RAM) might be sub-optimal as no optional output register could be merged into the ram block. Providing additional output register may help in improving timing.
INFO: [Synth 8-7052] The timing for the instance i_0/Aquila_SoC/D_Cache/genblk2[1].TAG_BRAM/RAM_reg (implemented as a Block RAM) might be sub-optimal as no optional output register could be merged into the ram block. Providing additional output register may help in improving timing.
INFO: [Synth 8-7052] The timing for the instance i_0/Aquila_SoC/D_Cache/genblk2[1].TAG_BRAM/RAM_reg (implemented as a Block RAM) might be sub-optimal as no optional output register could be merged into the ram block. Providing additional output register may help in improving timing.
INFO: [Synth 8-7052] The timing for the instance i_0/Aquila_SoC/D_Cache/genblk2[2].TAG_BRAM/RAM_reg (implemented as a Block RAM) might be sub-optimal as no optional output register could be merged into the ram block. Providing additional output register may help in improving timing.
INFO: [Synth 8-7052] The timing for the instance i_0/Aquila_SoC/D_Cache/genblk2[2].TAG_BRAM/RAM_reg (implemented as a Block RAM) might be sub-optimal as no optional output register could be merged into the ram block. Providing additional output register may help in improving timing.
INFO: [Synth 8-7052] The timing for the instance i_0/Aquila_SoC/D_Cache/genblk2[3].TAG_BRAM/RAM_reg (implemented as a Block RAM) might be sub-optimal as no optional output register could be merged into the ram block. Providing additional output register may help in improving timing.
INFO: [Synth 8-7052] The timing for the instance i_0/Aquila_SoC/D_Cache/genblk2[3].TAG_BRAM/RAM_reg (implemented as a Block RAM) might be sub-optimal as no optional output register could be merged into the ram block. Providing additional output register may help in improving timing.
---------------------------------------------------------------------------------
Finished Technology Mapping : Time (s): cpu = 00:02:59 ; elapsed = 00:04:30 . Memory (MB): peak = 2196.613 ; gain = 1461.785
---------------------------------------------------------------------------------
---------------------------------------------------------------------------------
Start IO Insertion
---------------------------------------------------------------------------------
---------------------------------------------------------------------------------
Start Flattening Before IO Insertion
---------------------------------------------------------------------------------
---------------------------------------------------------------------------------
Finished Flattening Before IO Insertion
---------------------------------------------------------------------------------
---------------------------------------------------------------------------------
Start Final Netlist Cleanup
---------------------------------------------------------------------------------
INFO: [Synth 8-7052] The timing for the instance Aquila_SoC/TCM/RAM_reg_0_0 (implemented as a Block RAM) might be sub-optimal as no optional output register could be merged into the ram block. Providing additional output register may help in improving timing.
INFO: [Synth 8-7052] The timing for the instance Aquila_SoC/TCM/RAM_reg_0_0 (implemented as a Block RAM) might be sub-optimal as no optional output register could be merged into the ram block. Providing additional output register may help in improving timing.
INFO: [Synth 8-7052] The timing for the instance Aquila_SoC/TCM/RAM_reg_0_1 (implemented as a Block RAM) might be sub-optimal as no optional output register could be merged into the ram block. Providing additional output register may help in improving timing.
INFO: [Synth 8-7052] The timing for the instance Aquila_SoC/TCM/RAM_reg_0_1 (implemented as a Block RAM) might be sub-optimal as no optional output register could be merged into the ram block. Providing additional output register may help in improving timing.
INFO: [Synth 8-7052] The timing for the instance Aquila_SoC/TCM/RAM_reg_0_2 (implemented as a Block RAM) might be sub-optimal as no optional output register could be merged into the ram block. Providing additional output register may help in improving timing.
INFO: [Synth 8-7052] The timing for the instance Aquila_SoC/TCM/RAM_reg_0_2 (implemented as a Block RAM) might be sub-optimal as no optional output register could be merged into the ram block. Providing additional output register may help in improving timing.
INFO: [Synth 8-7052] The timing for the instance Aquila_SoC/TCM/RAM_reg_0_3 (implemented as a Block RAM) might be sub-optimal as no optional output register could be merged into the ram block. Providing additional output register may help in improving timing.
INFO: [Synth 8-7052] The timing for the instance Aquila_SoC/TCM/RAM_reg_0_3 (implemented as a Block RAM) might be sub-optimal as no optional output register could be merged into the ram block. Providing additional output register may help in improving timing.
INFO: [Synth 8-7052] The timing for the instance Aquila_SoC/TCM/RAM_reg_1_0 (implemented as a Block RAM) might be sub-optimal as no optional output register could be merged into the ram block. Providing additional output register may help in improving timing.
INFO: [Synth 8-7052] The timing for the instance Aquila_SoC/TCM/RAM_reg_1_0 (implemented as a Block RAM) might be sub-optimal as no optional output register could be merged into the ram block. Providing additional output register may help in improving timing.
INFO: [Synth 8-7052] The timing for the instance Aquila_SoC/TCM/RAM_reg_1_1 (implemented as a Block RAM) might be sub-optimal as no optional output register could be merged into the ram block. Providing additional output register may help in improving timing.
INFO: [Synth 8-7052] The timing for the instance Aquila_SoC/TCM/RAM_reg_1_1 (implemented as a Block RAM) might be sub-optimal as no optional output register could be merged into the ram block. Providing additional output register may help in improving timing.
INFO: [Synth 8-7052] The timing for the instance Aquila_SoC/TCM/RAM_reg_1_2 (implemented as a Block RAM) might be sub-optimal as no optional output register could be merged into the ram block. Providing additional output register may help in improving timing.
INFO: [Synth 8-7052] The timing for the instance Aquila_SoC/TCM/RAM_reg_1_2 (implemented as a Block RAM) might be sub-optimal as no optional output register could be merged into the ram block. Providing additional output register may help in improving timing.
INFO: [Synth 8-7052] The timing for the instance Aquila_SoC/TCM/RAM_reg_1_3 (implemented as a Block RAM) might be sub-optimal as no optional output register could be merged into the ram block. Providing additional output register may help in improving timing.
INFO: [Synth 8-7052] The timing for the instance Aquila_SoC/TCM/RAM_reg_1_3 (implemented as a Block RAM) might be sub-optimal as no optional output register could be merged into the ram block. Providing additional output register may help in improving timing.
INFO: [Synth 8-7052] The timing for the instance Aquila_SoC/TCM/RAM_reg_2_0 (implemented as a Block RAM) might be sub-optimal as no optional output register could be merged into the ram block. Providing additional output register may help in improving timing.
INFO: [Synth 8-7052] The timing for the instance Aquila_SoC/TCM/RAM_reg_2_0 (implemented as a Block RAM) might be sub-optimal as no optional output register could be merged into the ram block. Providing additional output register may help in improving timing.
INFO: [Synth 8-7052] The timing for the instance Aquila_SoC/TCM/RAM_reg_2_1 (implemented as a Block RAM) might be sub-optimal as no optional output register could be merged into the ram block. Providing additional output register may help in improving timing.
INFO: [Synth 8-7052] The timing for the instance Aquila_SoC/TCM/RAM_reg_2_1 (implemented as a Block RAM) might be sub-optimal as no optional output register could be merged into the ram block. Providing additional output register may help in improving timing.
INFO: [Synth 8-7052] The timing for the instance Aquila_SoC/TCM/RAM_reg_2_2 (implemented as a Block RAM) might be sub-optimal as no optional output register could be merged into the ram block. Providing additional output register may help in improving timing.
INFO: [Synth 8-7052] The timing for the instance Aquila_SoC/TCM/RAM_reg_2_2 (implemented as a Block RAM) might be sub-optimal as no optional output register could be merged into the ram block. Providing additional output register may help in improving timing.
INFO: [Synth 8-7052] The timing for the instance Aquila_SoC/TCM/RAM_reg_2_3 (implemented as a Block RAM) might be sub-optimal as no optional output register could be merged into the ram block. Providing additional output register may help in improving timing.
INFO: [Synth 8-7052] The timing for the instance Aquila_SoC/TCM/RAM_reg_2_3 (implemented as a Block RAM) might be sub-optimal as no optional output register could be merged into the ram block. Providing additional output register may help in improving timing.
INFO: [Synth 8-7052] The timing for the instance Aquila_SoC/TCM/RAM_reg_3_0 (implemented as a Block RAM) might be sub-optimal as no optional output register could be merged into the ram block. Providing additional output register may help in improving timing.
INFO: [Synth 8-7052] The timing for the instance Aquila_SoC/TCM/RAM_reg_3_0 (implemented as a Block RAM) might be sub-optimal as no optional output register could be merged into the ram block. Providing additional output register may help in improving timing.
INFO: [Synth 8-7052] The timing for the instance Aquila_SoC/TCM/RAM_reg_3_1 (implemented as a Block RAM) might be sub-optimal as no optional output register could be merged into the ram block. Providing additional output register may help in improving timing.
INFO: [Synth 8-7052] The timing for the instance Aquila_SoC/TCM/RAM_reg_3_1 (implemented as a Block RAM) might be sub-optimal as no optional output register could be merged into the ram block. Providing additional output register may help in improving timing.
INFO: [Common 17-14] Message 'Synth 8-7052' appears 100 times and further instances of the messages will be disabled. Use the Tcl command set_msg_config to change the current settings.
---------------------------------------------------------------------------------
Finished Final Netlist Cleanup
---------------------------------------------------------------------------------
---------------------------------------------------------------------------------
Finished IO Insertion : Time (s): cpu = 00:03:15 ; elapsed = 00:04:47 . Memory (MB): peak = 2218.297 ; gain = 1483.469
---------------------------------------------------------------------------------
---------------------------------------------------------------------------------
Start Renaming Generated Instances
---------------------------------------------------------------------------------
---------------------------------------------------------------------------------
Finished Renaming Generated Instances : Time (s): cpu = 00:03:15 ; elapsed = 00:04:47 . Memory (MB): peak = 2218.297 ; gain = 1483.469
---------------------------------------------------------------------------------
---------------------------------------------------------------------------------
Start Rebuilding User Hierarchy
---------------------------------------------------------------------------------
---------------------------------------------------------------------------------
Finished Rebuilding User Hierarchy : Time (s): cpu = 00:03:27 ; elapsed = 00:04:59 . Memory (MB): peak = 2338.922 ; gain = 1604.094
---------------------------------------------------------------------------------
---------------------------------------------------------------------------------
Start Renaming Generated Ports
---------------------------------------------------------------------------------
---------------------------------------------------------------------------------
Finished Renaming Generated Ports : Time (s): cpu = 00:03:27 ; elapsed = 00:05:00 . Memory (MB): peak = 2338.922 ; gain = 1604.094
---------------------------------------------------------------------------------
---------------------------------------------------------------------------------
Start Handling Custom Attributes
---------------------------------------------------------------------------------
---------------------------------------------------------------------------------
Finished Handling Custom Attributes : Time (s): cpu = 00:03:28 ; elapsed = 00:05:01 . Memory (MB): peak = 2348.871 ; gain = 1614.043
---------------------------------------------------------------------------------
---------------------------------------------------------------------------------
Start Renaming Generated Nets
---------------------------------------------------------------------------------
---------------------------------------------------------------------------------
Finished Renaming Generated Nets : Time (s): cpu = 00:03:29 ; elapsed = 00:05:01 . Memory (MB): peak = 2348.871 ; gain = 1614.043
---------------------------------------------------------------------------------
---------------------------------------------------------------------------------
Start Writing Synthesis Report
---------------------------------------------------------------------------------

DSP Final Report (the ' indicates corresponding REG is set)
+------------+-------------------+--------+--------+--------+--------+--------+------+------+------+------+-------+------+------+
|Module Name | DSP Mapping       | A Size | B Size | C Size | D Size | P Size | AREG | BREG | CREG | DREG | ADREG | MREG | PREG | 
+------------+-------------------+--------+--------+--------+--------+--------+------+------+------+------+-------+------+------+
|muldiv      | A'*B'             | 17     | 15     | -      | -      | 48     | 1    | 1    | -    | -    | -     | 0    | 0    | 
|muldiv      | (PCIN>>17+A'*B')' | 15     | 15     | -      | -      | 48     | 1    | 1    | -    | -    | -     | 0    | 1    | 
|muldiv      | A'*B'             | 17     | 17     | -      | -      | 48     | 1    | 1    | -    | -    | -     | 0    | 0    | 
|muldiv      | (PCIN>>17+A'*B')' | 17     | 15     | -      | -      | 48     | 1    | 1    | -    | -    | -     | 0    | 1    | 
+------------+-------------------+--------+--------+--------+--------+--------+------+------+------+------+-------+------+------+


Report BlackBoxes: 
+------+------------------+----------+
|      |BlackBox name     |Instances |
+------+------------------+----------+
|1     |clk_wiz_0         |         1|
|2     |floating_point_0  |         1|
|3     |axi_quad_spi_0    |         1|
|4     |mig_7series_0     |         1|
|5     |async_fifo_signal |         5|
|6     |async_fifo_addr   |         2|
|7     |async_fifo_data   |         3|
+------+------------------+----------+

Report Cell Usage: 
+------+------------------+------+
|      |Cell              |Count |
+------+------------------+------+
|1     |async_fifo_addr   |     2|
|3     |async_fifo_data   |     3|
|6     |async_fifo_signal |     5|
|11    |axi_quad_spi      |     1|
|12    |clk_wiz           |     1|
|13    |floating_point    |     1|
|14    |mig_7series       |     1|
|15    |CARRY4            |   268|
|16    |DSP48E1           |     4|
|18    |LUT1              |   291|
|19    |LUT2              |   722|
|20    |LUT3              |  1595|
|21    |LUT4              |  1912|
|22    |LUT5              |  2644|
|23    |LUT6              | 26164|
|24    |MUXF7             | 11054|
|25    |MUXF8             |  5317|
|26    |RAM64M            |    21|
|27    |RAM64X1D          |    13|
|28    |RAM64X1S          |    88|
|29    |RAMB18E1          |     4|
|30    |RAMB36E1          |    32|
|47    |FDRE              | 46611|
|48    |FDSE              |    35|
|49    |IBUF              |     3|
|50    |OBUF              |     4|
|51    |OBUFT             |     4|
+------+------------------+------+
---------------------------------------------------------------------------------
Finished Writing Synthesis Report : Time (s): cpu = 00:03:29 ; elapsed = 00:05:02 . Memory (MB): peak = 2348.871 ; gain = 1614.043
---------------------------------------------------------------------------------
Synthesis finished with 0 errors, 0 critical warnings and 138 warnings.
Synthesis Optimization Runtime : Time (s): cpu = 00:02:46 ; elapsed = 00:04:51 . Memory (MB): peak = 2348.871 ; gain = 1614.043
Synthesis Optimization Complete : Time (s): cpu = 00:03:29 ; elapsed = 00:05:02 . Memory (MB): peak = 2348.871 ; gain = 1614.043
INFO: [Project 1-571] Translating synthesized netlist
Netlist sorting complete. Time (s): cpu = 00:00:01 ; elapsed = 00:00:01 . Memory (MB): peak = 2358.016 ; gain = 0.000
INFO: [Netlist 29-17] Analyzing 16801 Unisim elements for replacement
INFO: [Netlist 29-28] Unisim Transformation completed in 1 CPU seconds
WARNING: [Netlist 29-101] Netlist 'soc_top' is not ideal for floorplanning, since the cellview 'dsa_feeder_1fma_bram' contains a large number of primitives.  Please consider enabling hierarchy in synthesis if you want to do floorplanning.
INFO: [Project 1-570] Preparing netlist for logic optimization
INFO: [Opt 31-138] Pushed 0 inverter(s) to 0 load pin(s).
Netlist sorting complete. Time (s): cpu = 00:00:00 ; elapsed = 00:00:00.043 . Memory (MB): peak = 2388.336 ; gain = 0.000
INFO: [Project 1-111] Unisim Transformation Summary:
  A total of 122 instances were transformed.
  RAM64M => RAM64M (RAMD64E(x4)): 21 instances
  RAM64X1D => RAM64X1D (RAMD64E(x2)): 13 instances
  RAM64X1S => RAM64X1S (RAMS64E): 88 instances

Synth Design complete | Checksum: 45647409
INFO: [Common 17-83] Releasing license: Synthesis
370 Infos, 292 Warnings, 0 Critical Warnings and 0 Errors encountered.
synth_design completed successfully
synth_design: Time (s): cpu = 00:03:50 ; elapsed = 00:05:26 . Memory (MB): peak = 2388.336 ; gain = 1861.082
Write ShapeDB Complete: Time (s): cpu = 00:00:00 ; elapsed = 00:00:00.174 . Memory (MB): peak = 2388.336 ; gain = 0.000
INFO: [Common 17-1381] The checkpoint 'D:/code_projects/mpd/hw5/submit/aquila_ap/aquila_ap.runs/synth_1/soc_top.dcp' has been generated.
write_checkpoint: Time (s): cpu = 00:00:08 ; elapsed = 00:00:08 . Memory (MB): peak = 2388.336 ; gain = 0.000
INFO: [Vivado 12-24828] Executing command : report_utilization -file soc_top_utilization_synth.rpt -pb soc_top_utilization_synth.pb
INFO: [Common 17-206] Exiting Vivado at Wed Dec 31 10:53:13 2025...
